model_name,combination,min_cluster_size,n_components,n_neighbors,diversity_score,c_v_score,weighted_avg_sim,unweighted_avg_sim,document_coverage,number_of_topics
mpnet,"(10, 5, 10)",10,5,10,0.5443507588532883,0.3540491919303406,0.6798450057257223,0.72533274,0.6222913981371142,593
mpnet,"(10, 5, 20)",10,5,20,0.5714587737843552,0.3536111619364211,0.6716500048280214,0.7305719,0.6095722172231814,473
mpnet,"(10, 5, 30)",10,5,30,0.573943661971831,0.35666222221299293,0.6693038262612038,0.7329733,0.5997957148763345,426
mpnet,"(10, 5, 40)",10,5,40,0.5703517587939698,0.36268153650911455,0.6733901309928877,0.7385448,0.5773243512731341,399
mpnet,"(10, 10, 10)",10,10,10,0.5427835051546391,0.3553175881394616,0.6725967108551715,0.7297995,0.6517911427807096,582
mpnet,"(10, 10, 20)",10,10,20,0.5691983122362869,0.35873479009321535,0.6756259606953423,0.73173374,0.6105450035263503,474
mpnet,"(10, 10, 30)",10,10,30,0.5718676122931442,0.3631807372233811,0.6733041469468153,0.7354346,0.5987742892580072,423
mpnet,"(10, 10, 40)",10,10,40,0.57875,0.3581522937239111,0.6765784020500769,0.73659253,0.5746978282545782,400
mpnet,"(10, 15, 10)",10,15,10,0.5449225473321859,0.3552942143720874,0.6771199042513832,0.72838205,0.6355942508329483,581
mpnet,"(10, 15, 20)",10,15,20,0.5673553719008264,0.35889169164087137,0.6766204766998439,0.73154515,0.6040759746102775,484
mpnet,"(10, 15, 30)",10,15,30,0.5676674364896074,0.3612899828232028,0.675906195468433,0.7383209,0.5878061236897785,433
mpnet,"(10, 15, 40)",10,15,40,0.5696296296296296,0.3635984521684521,0.6764920860958545,0.7404286,0.5618084097375909,405
mpnet,"(20, 5, 10)",20,5,10,0.638487972508591,0.3546043001045928,0.6321653969856124,0.68437105,0.6805856173545076,291
mpnet,"(20, 5, 20)",20,5,20,0.6351648351648351,0.3553321385769618,0.6449871199848624,0.7046871,0.6250638391011455,273
mpnet,"(20, 5, 30)",20,5,30,0.6368852459016393,0.3626746941783117,0.638723195693907,0.70513165,0.6210024562854155,244
mpnet,"(20, 5, 40)",20,5,40,0.6446902654867257,0.3531516150037125,0.644208518447677,0.70212024,0.6049758019407087,226
mpnet,"(20, 10, 10)",20,10,10,0.6219081272084805,0.35498631331237773,0.6367235441845311,0.6927217,0.6634888980763151,283
mpnet,"(20, 10, 20)",20,10,20,0.6329365079365079,0.362393018921591,0.6289673917336238,0.70359457,0.6668936501374061,252
mpnet,"(20, 10, 30)",20,10,30,0.651931330472103,0.3617130678436473,0.6393680023039064,0.69912237,0.6358374474087405,233
mpnet,"(20, 10, 40)",20,10,40,0.6337777777777778,0.360869910512943,0.6438009084164278,0.7069533,0.6020574430312021,225
mpnet,"(20, 15, 10)",20,15,10,0.6301075268817204,0.35999322944864215,0.627695243255478,0.69396675,0.6707118363773438,279
mpnet,"(20, 15, 20)",20,15,20,0.6173913043478261,0.3641754505439076,0.6571364960054763,0.7056585,0.593472603905737,276
mpnet,"(20, 15, 30)",20,15,30,0.635655737704918,0.3620156003072846,0.6442982702670706,0.7083664,0.601935844743306,244
mpnet,"(20, 15, 40)",20,15,40,0.6495614035087719,0.3561396159679012,0.6428306466964774,0.70736676,0.6063133831075659,228
mpnet,"(30, 5, 10)",30,5,10,0.6702020202020202,0.35819847146670325,0.620663416674322,0.6564541,0.6517911427807096,198
mpnet,"(30, 5, 20)",30,5,20,0.6649717514124294,0.3657075645514893,0.628722763789103,0.6793816,0.6116393881174154,177
mpnet,"(30, 5, 30)",30,5,30,0.6461538461538462,0.37105885228088215,0.6297361078050966,0.68456054,0.6024222378948905,169
mpnet,"(30, 5, 40)",30,5,40,0.6654320987654321,0.367002977391665,0.6306826831499932,0.6835521,0.5908947202023396,162
mpnet,"(30, 10, 10)",30,10,10,0.6772222222222222,0.3642860030609771,0.6091542934441981,0.66370803,0.6587952041635253,180
mpnet,"(30, 10, 20)",30,10,20,0.6642857142857143,0.3724157454555125,0.6274055588164749,0.67751515,0.6111529949658309,168
mpnet,"(30, 10, 30)",30,10,30,0.6537974683544304,0.3721457699497434,0.6257738945756787,0.6804481,0.6178409008001168,158
mpnet,"(30, 10, 40)",30,10,40,0.6625,0.36756934535048746,0.6353550030411846,0.68716705,0.5782484982611444,168
mpnet,"(30, 15, 10)",30,15,10,0.66524064171123,0.36973318065534855,0.6147178466879806,0.6617847,0.6588924827938423,187
mpnet,"(30, 15, 20)",30,15,20,0.66,0.3781467497520612,0.6264461040017115,0.6829454,0.6134147231206984,170
mpnet,"(30, 15, 30)",30,15,30,0.644311377245509,0.3711370896532913,0.6323979340780181,0.6867696,0.5913324740387655,167
mpnet,"(30, 15, 40)",30,15,40,0.6726114649681528,0.3690173941643435,0.6296847574136599,0.6855821,0.5838176998467861,157
mpnet,"(40, 5, 10)",40,5,10,0.6651612903225806,0.3640992118879471,0.6160213938928066,0.6529203,0.6175490649091661,155
mpnet,"(40, 5, 20)",40,5,20,0.6784172661870503,0.37809302878542533,0.6206596191415702,0.6648511,0.5974853474063085,139
mpnet,"(40, 5, 30)",40,5,30,0.6674242424242425,0.375627693811826,0.6174222309164837,0.66158664,0.6043434908436489,132
mpnet,"(40, 5, 40)",40,5,40,0.6846774193548387,0.37639239153341153,0.6153889519600018,0.6620434,0.6020817626887813,124
mpnet,"(40, 10, 10)",40,10,10,0.6666666666666666,0.37309528932938135,0.6167293418208285,0.6581243,0.6224616357401688,153
mpnet,"(40, 10, 20)",40,10,20,0.6782608695652174,0.3770032411317501,0.6206919027987694,0.6631466,0.6016196891947762,138
mpnet,"(40, 10, 30)",40,10,30,0.675,0.3691599628151413,0.6189263400716326,0.6668921,0.5960748072667137,136
mpnet,"(40, 10, 40)",40,10,40,0.6884297520661157,0.3844830419836405,0.6157160750771038,0.6654288,0.5938860380845837,121
mpnet,"(40, 15, 10)",40,15,10,0.6733333333333333,0.3720062476932483,0.6132983667505213,0.65632397,0.6189839247063401,150
mpnet,"(40, 15, 20)",40,15,20,0.687218045112782,0.376392785790026,0.6177650401764414,0.66321206,0.5964639217879812,133
mpnet,"(40, 15, 30)",40,15,30,0.6682539682539682,0.3774221970998568,0.6177310459786721,0.6594442,0.6002091490551813,126
mpnet,"(40, 15, 40)",40,15,40,0.6865079365079365,0.3802393804346364,0.6179040367890029,0.668606,0.590286728762859,126
mpnet,"(10, 7, 10)",10,7,10,0.5444067796610169,0.35583539591674396,0.6747417808360442,0.73011124,0.6511345120260706,590
mpnet,"(10, 7, 20)",10,7,20,0.5735849056603773,0.3578061751047927,0.6676825769691924,0.72829497,0.6211726938884701,477
mpnet,"(10, 7, 30)",10,7,30,0.5770454545454545,0.35877705597309945,0.6769837276999718,0.7335137,0.5812641358009679,440
mpnet,"(10, 7, 40)",10,7,40,0.5799498746867168,0.3556163757274423,0.6725370360275802,0.7359249,0.5865901408108174,399
mpnet,"(15, 5, 10)",15,5,10,0.6029569892473118,0.36070761918541383,0.6396443979676495,0.70511097,0.6823366327002116,372
mpnet,"(15, 5, 20)",15,5,20,0.6033519553072626,0.35746462366989606,0.6679520776653138,0.72018033,0.5835988229285731,358
mpnet,"(15, 5, 30)",15,5,30,0.5984375,0.35902905467687773,0.6657496981822697,0.7230147,0.5766434008609159,320
mpnet,"(15, 5, 40)",15,5,40,0.6030927835051546,0.3574609999487971,0.6540638132873516,0.7261261,0.5956370534302877,291
mpnet,"(15, 7, 10)",15,7,10,0.6016304347826087,0.35906070182582994,0.6334795464342146,0.7124332,0.6997738271845132,368
mpnet,"(15, 7, 20)",15,7,20,0.6005698005698006,0.3584534770188376,0.6638319546353604,0.721183,0.5957829713757631,351
mpnet,"(15, 7, 30)",15,7,30,0.6068852459016394,0.3530735015311639,0.6510502025744721,0.7181631,0.627982198010652,305
mpnet,"(15, 7, 40)",15,7,40,0.604225352112676,0.35293684028905986,0.6494482907025344,0.7258909,0.6145820666845011,284
mpnet,"(15, 10, 10)",15,10,10,0.6030054644808743,0.35564696158921955,0.6343135135239816,0.7109162,0.6938398307351833,366
mpnet,"(15, 10, 20)",15,10,20,0.6005952380952381,0.36017069604060853,0.6606002483344658,0.7184253,0.6131958462024855,336
mpnet,"(15, 10, 30)",15,10,30,0.600920245398773,0.3559438068199807,0.6664719179277685,0.7221173,0.5759867701062769,326
mpnet,"(15, 10, 40)",15,10,40,0.6056140350877193,0.3552522415286519,0.65082821386094,0.72802275,0.6074807266713684,285
mpnet,"(15, 15, 10)",15,15,10,0.597872340425532,0.3574812941235149,0.645762216304705,0.709676,0.6612028502638683,376
mpnet,"(15, 15, 20)",15,15,20,0.5988636363636364,0.361133442574134,0.6673786480307797,0.72158366,0.5832826673800433,352
mpnet,"(15, 15, 30)",15,15,30,0.5930722891566265,0.355894462688987,0.6703274198290996,0.7244007,0.5669155378292273,332
mpnet,"(15, 15, 40)",15,15,40,0.6096551724137931,0.3568368111282077,0.6513881095264961,0.729504,0.5926214158904642,290
mpnet,"(20, 7, 10)",20,7,10,0.6375,0.357449958000676,0.6252353774993135,0.6919854,0.6881003915464871,280
mpnet,"(20, 7, 20)",20,7,20,0.6223484848484848,0.35826057682892676,0.6404164349930236,0.70557547,0.6359590456966366,264
mpnet,"(20, 7, 30)",20,7,30,0.6360995850622406,0.35658130426434215,0.6410984761238483,0.7037418,0.6337945961720859,241
mpnet,"(20, 7, 40)",20,7,40,0.6299145299145299,0.3549435576157871,0.6448629015517596,0.7106793,0.6023492789221527,234
mpnet,"(25, 5, 10)",25,5,10,0.6602620087336245,0.35307688802852194,0.6197298500002387,0.66756535,0.6845497215399207,229
mpnet,"(25, 5, 20)",25,5,20,0.6665071770334928,0.3571444452560793,0.6341656910583205,0.68652207,0.620613341764148,209
mpnet,"(25, 5, 30)",25,5,30,0.6571428571428571,0.36870579241601925,0.635894009951715,0.6892281,0.605121719886184,196
mpnet,"(25, 5, 40)",25,5,40,0.6602150537634408,0.36144052732737775,0.6363464236332941,0.6918484,0.5918188671903499,186
mpnet,"(25, 7, 10)",25,7,10,0.6656521739130434,0.3610898248844007,0.6250691030195131,0.6714723,0.6760378413871933,230
mpnet,"(25, 7, 20)",25,7,20,0.6650943396226415,0.3618767667129603,0.6321062719578093,0.68611866,0.6325299739779664,212
mpnet,"(25, 7, 30)",25,7,30,0.6553846153846153,0.3622154970587009,0.6378785355324241,0.6874478,0.6038327780344853,195
mpnet,"(25, 7, 40)",25,7,40,0.676536312849162,0.3610608049872856,0.6354319983299381,0.6854181,0.5951020209635448,179
mpnet,"(25, 10, 10)",25,10,10,0.6553648068669528,0.35724408362760873,0.6320438479849126,0.6736191,0.6450789172888446,233
mpnet,"(25, 10, 20)",25,10,20,0.6583333333333333,0.3672557243066081,0.6331369946276667,0.6851739,0.6232398647827039,204
mpnet,"(25, 10, 30)",25,10,30,0.6549222797927461,0.3647359586813476,0.6347089392269436,0.688577,0.6096694958534984,193
mpnet,"(25, 10, 40)",25,10,40,0.6581151832460733,0.3657160095789297,0.6384232670582681,0.6929032,0.5852525596439602,191
mpnet,"(25, 15, 10)",25,15,10,0.6547945205479452,0.362546727821746,0.6211320169977605,0.67165595,0.6645346433522216,219
mpnet,"(25, 15, 20)",25,15,20,0.6558139534883721,0.3647234740228062,0.6361571183274664,0.68673694,0.6161628444271504,215
mpnet,"(25, 15, 30)",25,15,30,0.6546341463414634,0.36511015329909974,0.6386182509232132,0.6923745,0.6078455215350568,205
mpnet,"(25, 15, 40)",25,15,40,0.6701086956521739,0.36649370763798944,0.6352775322885046,0.68702054,0.5902380894477006,184
mpnet,"(30, 7, 10)",30,7,10,0.6706185567010309,0.3659942028771899,0.6184797251521401,0.66625184,0.6611055716335514,194
mpnet,"(30, 7, 20)",30,7,20,0.6567415730337078,0.37173497940606764,0.6307179180871346,0.6828877,0.6057297113256646,178
mpnet,"(30, 7, 30)",30,7,30,0.6526627218934912,0.37646685495093146,0.6304832218481567,0.68283266,0.5985554123397943,169
mpnet,"(30, 7, 40)",30,7,40,0.6575,0.3706409702175804,0.6282855645611526,0.6838339,0.5944940295240643,160
mpnet,"(35, 5, 10)",35,5,10,0.6644970414201183,0.36038462788934467,0.6174651085669431,0.6511602,0.6359833653542158,169
mpnet,"(35, 5, 20)",35,5,20,0.6789808917197452,0.3671150422889585,0.6264076406133303,0.67341924,0.5877818040321993,157
mpnet,"(35, 5, 30)",35,5,30,0.662,0.3704554377664653,0.6227973065223418,0.673347,0.6057540309832438,150
mpnet,"(35, 5, 40)",35,5,40,0.6724137931034483,0.373229382442723,0.6254817867915591,0.6787403,0.5838906588195238,145
mpnet,"(35, 7, 10)",35,7,10,0.6729411764705883,0.36514597828975964,0.6201370115767605,0.6580365,0.6139011162722828,170
mpnet,"(35, 7, 20)",35,7,20,0.6796052631578947,0.36941324196636705,0.6260577928757574,0.66946584,0.6000389114521267,152
mpnet,"(35, 7, 30)",35,7,30,0.6612903225806451,0.37434817136498977,0.6284254133827297,0.6802171,0.5868576570441888,155
mpnet,"(35, 7, 40)",35,7,40,0.6734265734265734,0.3769297394608597,0.6237311529806792,0.6767593,0.5837447408740485,143
mpnet,"(35, 10, 10)",35,10,10,0.65875,0.3739601234005149,0.6169104365430227,0.65907633,0.6231912254675455,160
mpnet,"(35, 10, 20)",35,10,20,0.6699346405228758,0.37322413802667104,0.6227102417844702,0.6725917,0.6029815900192125,153
mpnet,"(35, 10, 30)",35,10,30,0.6648275862068965,0.3686565151300514,0.6221510053565347,0.67383087,0.5982635764488436,145
mpnet,"(35, 10, 40)",35,10,40,0.6746478873239437,0.37372615174155205,0.6250937033523732,0.6768291,0.5807777426493835,142
mpnet,"(35, 15, 10)",35,15,10,0.6701863354037267,0.3662397739766054,0.6106969756227301,0.6566877,0.6489214231863616,161
mpnet,"(35, 15, 20)",35,15,20,0.6655629139072847,0.37600022088125856,0.6228143587464584,0.67309904,0.6062404241348281,151
mpnet,"(35, 15, 30)",35,15,30,0.6751677852348993,0.3663145166847937,0.6218658120531936,0.67848474,0.6073834480410516,149
mpnet,"(35, 15, 40)",35,15,40,0.6778571428571428,0.37350658672497783,0.6228749823078357,0.6781087,0.5876115664291447,140
mpnet,"(40, 7, 10)",40,7,10,0.6717948717948717,0.36979604566166396,0.6163776215502631,0.65767086,0.6117366667477322,156
mpnet,"(40, 7, 20)",40,7,20,0.6871212121212121,0.37324541626482377,0.6172366199784534,0.6558424,0.6094506189352854,132
mpnet,"(40, 7, 30)",40,7,30,0.6717557251908397,0.3744301861937571,0.6185938263724563,0.66414124,0.6007928208370826,131
mpnet,"(40, 7, 40)",40,7,40,0.6833333333333333,0.380570674515042,0.6172234677532763,0.6676295,0.5848148058075342,126
robbert,"(10, 7, 10)",10,7,10,0.580385288966725,0.34603063012880975,0.5457121489016502,0.58814126,0.7104744765193706,571
robbert,"(10, 7, 20)",10,7,20,0.5991803278688524,0.35518598626213477,0.5512323560094654,0.59420055,0.6680366740436294,488
robbert,"(10, 7, 30)",10,7,30,0.6263285024154589,0.3535216944635887,0.5429802689336871,0.5874194,0.6771565456358375,414
robbert,"(10, 7, 40)",10,7,40,0.6322418136020151,0.35318886713261166,0.5458869488001062,0.58653855,0.6610569323183929,397
robbert,"(15, 5, 10)",15,5,10,0.6198992443324937,0.35426558471352915,0.5320146035125399,0.56982005,0.7166516695444928,397
robbert,"(15, 5, 20)",15,5,20,0.6473214285714286,0.36482752567418975,0.5359800528975065,0.5687738,0.693037282035069,336
robbert,"(15, 5, 30)",15,5,30,0.6526645768025079,0.3640514600787526,0.5391554892258459,0.57189095,0.6679393954133126,319
robbert,"(15, 5, 40)",15,5,40,0.6534013605442177,0.3595120553100161,0.5330754144010743,0.5723775,0.6708091150076607,294
robbert,"(15, 7, 10)",15,7,10,0.6354223433242506,0.3530628115192128,0.5151932048457594,0.5670033,0.7520367713222598,367
robbert,"(15, 7, 20)",15,7,20,0.6507374631268437,0.3589355812682134,0.5353829685093767,0.56955636,0.6864223351735208,339
robbert,"(15, 7, 30)",15,7,30,0.6544262295081967,0.361298991473701,0.5359510861035879,0.56822187,0.6711252705561905,305
robbert,"(15, 7, 40)",15,7,40,0.6719298245614035,0.3601316674668403,0.5315395803217419,0.56325305,0.6756244072083465,285
robbert,"(15, 10, 10)",15,10,10,0.6260981912144703,0.35385336670809625,0.5286470912021993,0.5679171,0.7176974148203993,387
robbert,"(15, 10, 20)",15,10,20,0.6479041916167665,0.3612595122070009,0.5316770464986803,0.5707091,0.6933534375835988,334
robbert,"(15, 10, 30)",15,10,30,0.6396226415094339,0.36038564807238327,0.5390755326607904,0.5766066,0.6647778399280138,318
robbert,"(15, 10, 40)",15,10,40,0.6519607843137255,0.36377973941144126,0.5384409853842387,0.5754457,0.6572873853936136,306
robbert,"(15, 15, 10)",15,15,10,0.6366310160427807,0.34957235792210234,0.5205758215395133,0.5684392,0.7360587562927114,374
robbert,"(15, 15, 20)",15,15,20,0.648036253776435,0.36409785338711903,0.5336168731365628,0.56908846,0.693158880322965,331
robbert,"(15, 15, 30)",15,15,30,0.6487341772151899,0.3663835029201242,0.5402592111161204,0.57128835,0.6558525255964396,316
robbert,"(15, 15, 40)",15,15,40,0.6545454545454545,0.37011031670866607,0.5370259782539771,0.5746564,0.6592086383423721,297
robbert,"(20, 7, 10)",20,7,10,0.6643333333333333,0.3613899185677998,0.5110121435122871,0.54677194,0.735572363141127,300
robbert,"(20, 7, 20)",20,7,20,0.6787878787878788,0.3597317034656169,0.5201210089598715,0.55242014,0.7065833313066952,264
robbert,"(20, 7, 30)",20,7,30,0.6689922480620155,0.36438125304742747,0.5231104841400297,0.5586645,0.6837228531822271,258
robbert,"(20, 7, 40)",20,7,40,0.6643410852713179,0.36122008424433105,0.5332385920425359,0.5615253,0.6398988302244705,258
robbert,"(25, 5, 10)",25,5,10,0.6752988047808764,0.35956660401071194,0.5062986521038613,0.5299796,0.7227072642817189,251
robbert,"(25, 5, 20)",25,5,20,0.6690376569037657,0.3691297642803261,0.5168973518309502,0.54367757,0.699749507526934,239
robbert,"(25, 5, 30)",25,5,30,0.6771300448430493,0.36595175952315456,0.5176761327513751,0.5441101,0.6906053162771468,223
robbert,"(25, 5, 40)",25,5,40,0.6828703703703703,0.3652259406230431,0.5192236732830803,0.5477866,0.6700065663075464,216
robbert,"(25, 7, 10)",25,7,10,0.6785123966942149,0.36404223318920015,0.5045143269353051,0.5307509,0.7271334419611372,242
robbert,"(25, 7, 20)",25,7,20,0.6872246696035242,0.36598561690591436,0.5124893380861079,0.537253,0.7089423380918797,227
robbert,"(25, 7, 30)",25,7,30,0.6869767441860465,0.3698051467976146,0.5114145062056945,0.54175264,0.7069238065128043,215
robbert,"(25, 7, 40)",25,7,40,0.6809090909090909,0.3669694617623886,0.5241989276286848,0.54577565,0.6665774945888762,220
robbert,"(25, 10, 10)",25,10,10,0.685,0.36493046734526385,0.5033323300117286,0.5280649,0.734477978550062,240
robbert,"(25, 10, 20)",25,10,20,0.66890756302521,0.37020103701300894,0.5190926073117728,0.53889376,0.6882463094919623,238
robbert,"(25, 10, 30)",25,10,30,0.6668161434977579,0.37384812717722204,0.5221804920114886,0.5481408,0.6730951628201075,223
robbert,"(25, 10, 40)",25,10,40,0.6740909090909091,0.3678409948304288,0.5270140237713823,0.55010533,0.6528855273717746,220
robbert,"(25, 15, 10)",25,15,10,0.6761506276150627,0.36334211378354353,0.5022762845538692,0.5276301,0.7358885186896569,239
robbert,"(25, 15, 20)",25,15,20,0.6799126637554586,0.3650646225933777,0.5160924221069826,0.53367996,0.6918942581288455,229
robbert,"(25, 15, 30)",25,15,30,0.673542600896861,0.36833557922170623,0.5184085118773197,0.55056065,0.6696660911014373,223
robbert,"(25, 15, 40)",25,15,40,0.6738738738738739,0.36455877722397545,0.5211806713419574,0.55171126,0.6525207325080863,222
robbert,"(30, 7, 10)",30,7,10,0.6789473684210526,0.36411108172209705,0.5068981328096414,0.52460796,0.7111554269315888,228
robbert,"(30, 7, 20)",30,7,20,0.6932038834951456,0.3667237157498893,0.5058885276020877,0.5313259,0.7059267005520562,206
robbert,"(30, 7, 30)",30,7,30,0.6935960591133005,0.3664073417140503,0.5116920236548783,0.53916866,0.6848658770884506,203
robbert,"(30, 7, 40)",30,7,40,0.697029702970297,0.3686467491840791,0.515494567814088,0.5395137,0.6804640190666116,202
robbert,"(35, 5, 10)",35,5,10,0.6842857142857143,0.366881689783684,0.5056284270544091,0.5210531,0.7011114083513704,210
robbert,"(35, 5, 20)",35,5,20,0.6929347826086957,0.36767472127540346,0.5063402024364974,0.5248738,0.6835526155791727,184
robbert,"(35, 5, 30)",35,5,30,0.6890625,0.37221087754240284,0.5178473468151846,0.531565,0.6527882487414577,192
robbert,"(35, 5, 40)",35,5,40,0.6787709497206704,0.37168731990324355,0.5112328835606734,0.5398101,0.655560689705489,179
robbert,"(35, 7, 10)",35,7,10,0.6969072164948453,0.3674227436411458,0.4980825747362419,0.5155084,0.7191079549599941,194
robbert,"(35, 7, 20)",35,7,20,0.6928571428571428,0.3690478487880635,0.5073204221150368,0.5268422,0.6842822053065493,182
robbert,"(35, 7, 30)",35,7,30,0.6977900552486188,0.3699606466060448,0.508019517457616,0.5318797,0.6739463508353802,181
robbert,"(35, 7, 40)",35,7,40,0.6924418604651162,0.3720950165320753,0.5100796763447842,0.5308434,0.6634888980763151,172
robbert,"(35, 10, 10)",35,10,10,0.6897435897435897,0.36393598814967154,0.49693829285339025,0.51662713,0.7211021668814903,195
robbert,"(35, 10, 20)",35,10,20,0.6950819672131148,0.37218496524708583,0.5053500981357688,0.5231023,0.6897541282618741,183
robbert,"(35, 10, 30)",35,10,30,0.6966480446927374,0.3732521108819958,0.5084674303142654,0.52994126,0.6752352926870789,179
robbert,"(35, 10, 40)",35,10,40,0.6876470588235294,0.3731687889352192,0.5106539877342656,0.5316132,0.6605705391668085,170
robbert,"(35, 15, 10)",35,15,10,0.6902061855670103,0.36653055404320334,0.4994768854565188,0.5121568,0.7122254918650746,194
robbert,"(35, 15, 20)",35,15,20,0.6923913043478261,0.3711301663211345,0.5070630410363489,0.5246625,0.678542766117853,184
robbert,"(35, 15, 30)",35,15,30,0.6940540540540541,0.372286417693129,0.512016099823739,0.53011113,0.6637320946521073,185
robbert,"(35, 15, 40)",35,15,40,0.6912280701754386,0.3752478231920027,0.5076186295583442,0.53144574,0.6630511442398891,171
robbert,"(40, 7, 10)",40,7,10,0.7040229885057471,0.37300962528568116,0.4962715605410433,0.50785106,0.7083829859675576,174
robbert,"(40, 7, 20)",40,7,20,0.6938650306748466,0.3735768801967344,0.4987500945822144,0.5213356,0.6858143437340403,163
robbert,"(40, 7, 30)",40,7,30,0.689873417721519,0.3795230308011392,0.5032183812729356,0.52818406,0.6585276879301539,158
robbert,"(40, 7, 40)",40,7,40,0.6961783439490445,0.37509688320912155,0.5076336498091285,0.5263782,0.659962547727328,157
qwen3,"(10, 5, 10)",10,5,10,0.5414593698175788,0.34476518477423457,0.6253377141084465,0.6713577,0.6434495002310368,603
qwen3,"(10, 5, 20)",10,5,20,0.5580971659919028,0.3464373703329996,0.6261847136692902,0.6726988,0.6104963642111919,494
qwen3,"(10, 5, 30)",10,5,30,0.576887871853547,0.35189604456981116,0.6283814481198308,0.6710568,0.5734088864028795,437
qwen3,"(10, 5, 40)",10,5,40,0.5762135922330097,0.3538434147891336,0.6282261914025323,0.67401856,0.5656509156351078,412
qwen3,"(10, 7, 10)",10,7,10,0.5365217391304348,0.34414695155972663,0.6204739901522391,0.6721465,0.6527152897687201,575
qwen3,"(10, 7, 20)",10,7,20,0.5582463465553236,0.3476197641729684,0.623863372634481,0.67505586,0.6073834480410516,479
qwen3,"(10, 7, 30)",10,7,30,0.5648526077097505,0.3617337568557383,0.6285435808317882,0.676779,0.5803399888129576,441
qwen3,"(10, 7, 40)",10,7,40,0.5901960784313726,0.3572513084757036,0.6290079606343459,0.6716883,0.5638269413166662,408
qwen3,"(10, 10, 10)",10,10,10,0.5474747474747474,0.3431731876972129,0.6267143966308976,0.6706234,0.6281524356137066,594
qwen3,"(10, 10, 20)",10,10,20,0.5712788259958071,0.345738731672901,0.628330129496035,0.66892904,0.5965855200758773,477
qwen3,"(10, 10, 30)",10,10,30,0.5644495412844037,0.3575362828076003,0.6279261143337198,0.67647797,0.5796103990855809,436
qwen3,"(10, 10, 40)",10,10,40,0.5792176039119804,0.3601422770333204,0.625339670791317,0.67401046,0.5758408521608016,409
qwen3,"(10, 15, 10)",10,15,10,0.5432885906040269,0.34581857505908414,0.629207776124567,0.671304,0.6230453075220701,596
qwen3,"(10, 15, 20)",10,15,20,0.5590618336886993,0.34574216959844356,0.6232878057593519,0.6725832,0.6034923028283762,469
qwen3,"(10, 15, 30)",10,15,30,0.5680094786729858,0.35715385871275773,0.6215119997935759,0.6782111,0.594688586784698,422
qwen3,"(10, 15, 40)",10,15,40,0.5772058823529411,0.36138114963365564,0.6254565360651494,0.6756719,0.5799265546341108,408
qwen3,"(15, 5, 10)",15,5,10,0.5923469387755103,0.35148526035961464,0.6102712908730611,0.6529463,0.630389844110995,392
qwen3,"(15, 5, 20)",15,5,20,0.606140350877193,0.3526817732277502,0.6174287958937595,0.6559772,0.5947129064422773,342
qwen3,"(15, 5, 30)",15,5,30,0.6132911392405064,0.36300460727448874,0.6135622800395053,0.6586407,0.5937401201391085,316
qwen3,"(15, 5, 40)",15,5,40,0.6052980132450331,0.35646928588819876,0.6179955961797675,0.6606029,0.5610788200102143,302
qwen3,"(15, 7, 10)",15,7,10,0.5930412371134021,0.35286355941135683,0.6080076280824361,0.65347594,0.6361536029572704,388
qwen3,"(15, 7, 20)",15,7,20,0.6061764705882353,0.3519056074800312,0.6175725961753357,0.6590695,0.5861523869743914,340
qwen3,"(15, 7, 30)",15,7,30,0.6166153846153846,0.35831381989380534,0.6152265505964035,0.6594803,0.5830881101194095,325
qwen3,"(15, 7, 40)",15,7,40,0.6109215017064846,0.3531011817688194,0.6143669908222271,0.65737575,0.5743816727060483,293
qwen3,"(15, 10, 10)",15,10,10,0.5979328165374677,0.3488042787679972,0.6092525644864509,0.6513396,0.6340377927478781,387
qwen3,"(15, 10, 20)",15,10,20,0.6011695906432749,0.3529708134173637,0.6139572328412706,0.65837497,0.5928646124662564,342
qwen3,"(15, 10, 30)",15,10,30,0.6035369774919614,0.35743107177952377,0.6122423641919468,0.6623678,0.5873926895109317,311
qwen3,"(15, 10, 40)",15,10,40,0.6120274914089348,0.35808152282366995,0.6116591577467099,0.662209,0.5732872881149833,291
qwen3,"(15, 15, 10)",15,15,10,0.5835411471321695,0.35072833989169455,0.6117811566137243,0.6574014,0.6225832340280649,401
qwen3,"(15, 15, 20)",15,15,20,0.6032448377581121,0.3558385876644406,0.6113592354144455,0.6598451,0.6037354994041684,339
qwen3,"(15, 15, 30)",15,15,30,0.6081168831168832,0.35733078583820926,0.6116182550430513,0.6641864,0.5921350227388799,308
qwen3,"(15, 15, 40)",15,15,40,0.6073333333333333,0.357703734034698,0.6163293805292968,0.66099346,0.5652374814562611,300
qwen3,"(20, 5, 10)",20,5,10,0.6182119205298013,0.3600614513620887,0.6021830314040915,0.635853,0.6271066903378001,302
qwen3,"(20, 5, 20)",20,5,20,0.6159851301115241,0.3620661743372397,0.607809041967073,0.6453716,0.5983122157640021,269
qwen3,"(20, 5, 30)",20,5,30,0.632258064516129,0.3634189696832052,0.6068885689777112,0.6473084,0.5784430555217782,248
qwen3,"(20, 5, 40)",20,5,40,0.628755364806867,0.35992313370731616,0.6006001309393464,0.644952,0.5828935528587758,233
qwen3,"(20, 7, 10)",20,7,10,0.615909090909091,0.359434438891259,0.6049527346041045,0.636574,0.6134390427782777,308
qwen3,"(20, 7, 20)",20,7,20,0.6150579150579151,0.3601304931656664,0.5981477006499927,0.6519312,0.6118825846932076,259
qwen3,"(20, 7, 30)",20,7,30,0.6401606425702812,0.3587964698535421,0.606666136902349,0.64602315,0.5715605924268586,249
qwen3,"(20, 7, 40)",20,7,40,0.6456140350877193,0.35987430036414675,0.5991504994485889,0.6438283,0.5843284126559498,228
qwen3,"(20, 10, 10)",20,10,10,0.6109215017064846,0.35883821391707343,0.5977387094081711,0.6377281,0.6300493689048858,293
qwen3,"(20, 10, 20)",20,10,20,0.618840579710145,0.3542278627513224,0.6074969563738766,0.64977366,0.5921836620540383,276
qwen3,"(20, 10, 30)",20,10,30,0.6392561983471075,0.3628356821549961,0.6047524421378209,0.64700234,0.5881709185534668,242
qwen3,"(20, 10, 40)",20,10,40,0.637117903930131,0.3701916353273471,0.6023722670582465,0.64611316,0.5753544590092171,229
qwen3,"(20, 15, 10)",20,15,10,0.615,0.3599638126228611,0.6004409855674028,0.6374161,0.626668936501374,300
qwen3,"(20, 15, 20)",20,15,20,0.6173584905660378,0.3591813718422943,0.6041958956870682,0.6458768,0.5987256499428488,265
qwen3,"(20, 15, 30)",20,15,30,0.6321285140562249,0.35928625051845686,0.6058020177296131,0.6488789,0.583914978477103,249
qwen3,"(20, 15, 40)",20,15,40,0.6377118644067796,0.3652176048025502,0.606383911765264,0.6487541,0.5656509156351078,236
qwen3,"(25, 5, 10)",25,5,10,0.6330677290836654,0.36841214058773386,0.5945473223480382,0.6211272,0.6232155451251247,251
qwen3,"(25, 5, 20)",25,5,20,0.6389380530973451,0.3675947841260931,0.5972101126640351,0.6317302,0.5998686738490722,226
qwen3,"(25, 5, 30)",25,5,30,0.6599009900990099,0.3745087947863423,0.5971446830710347,0.6307943,0.5898246552688539,202
qwen3,"(25, 5, 40)",25,5,40,0.673936170212766,0.3766741632507456,0.5949600751839951,0.63106453,0.5867360587562928,188
qwen3,"(25, 7, 10)",25,7,10,0.6392996108949416,0.3635183899772607,0.5977046184068142,0.62140954,0.6084048736593789,257
qwen3,"(25, 7, 20)",25,7,20,0.6518518518518519,0.3711999241740828,0.5936697493917871,0.62984,0.610399085580875,216
qwen3,"(25, 7, 30)",25,7,30,0.6636363636363637,0.36746328595805744,0.6015793854135574,0.63179237,0.5665750626231183,209
qwen3,"(25, 7, 40)",25,7,40,0.6637305699481866,0.3746853891274665,0.5910380870955958,0.6361923,0.5945426688392228,193
qwen3,"(25, 10, 10)",25,10,10,0.64125,0.36750067477393744,0.5923765006457004,0.6195141,0.6240424134828182,240
qwen3,"(25, 10, 20)",25,10,20,0.6443946188340807,0.3635774894417983,0.6009931528493684,0.63274556,0.5830637904618303,223
qwen3,"(25, 10, 30)",25,10,30,0.6542713567839196,0.37390540649964266,0.5934578291133527,0.63357437,0.6044407694739659,199
qwen3,"(25, 10, 40)",25,10,40,0.678125,0.375269416634432,0.5977175751690013,0.6297961,0.5773486709307133,192
qwen3,"(25, 15, 10)",25,15,10,0.6365461847389559,0.3651300025025739,0.5928913546516809,0.62161237,0.619859432379192,249
qwen3,"(25, 15, 20)",25,15,20,0.6372727272727273,0.36590478726762127,0.5959885371586474,0.6358855,0.5997470755611761,220
qwen3,"(25, 15, 30)",25,15,30,0.6502487562189054,0.3740847417041596,0.5982549551822685,0.63482916,0.5816289306646563,201
qwen3,"(25, 15, 40)",25,15,40,0.6728205128205128,0.3711445498310891,0.5993069024438967,0.62954,0.57182810866023,195
qwen3,"(30, 5, 10)",30,5,10,0.6438679245283019,0.3785923531319879,0.5875555413318299,0.6151172,0.6270580510226416,212
qwen3,"(30, 5, 20)",30,5,20,0.6621052631578948,0.37254117706367323,0.5935567079107357,0.6173694,0.5938860380845837,190
qwen3,"(30, 5, 30)",30,5,30,0.6802325581395349,0.3780798638176205,0.5927501378628529,0.61951214,0.5862010262895498,172
qwen3,"(30, 5, 40)",30,5,40,0.6811764705882353,0.377992617225003,0.5963495060083002,0.62306887,0.5684233565991391,170
qwen3,"(30, 7, 10)",30,7,10,0.6367149758454106,0.37450163614435267,0.5852631760376972,0.61514133,0.6225832340280649,207
qwen3,"(30, 7, 20)",30,7,20,0.6746031746031746,0.37443987475167856,0.5925398190167025,0.6185505,0.590943359517498,189
qwen3,"(30, 7, 30)",30,7,30,0.6684210526315789,0.3820163483345147,0.5935079078947736,0.6192923,0.5776648264792432,171
qwen3,"(30, 7, 40)",30,7,40,0.6907407407407408,0.3845835946916162,0.5876162971689303,0.61768544,0.594566988496802,162
qwen3,"(30, 10, 10)",30,10,10,0.6475961538461539,0.3742999057733931,0.585181264343258,0.6115196,0.6302439261655196,208
qwen3,"(30, 10, 20)",30,10,20,0.6587301587301587,0.36813774375261293,0.5948240995110526,0.61502236,0.5816289306646563,189
qwen3,"(30, 10, 30)",30,10,30,0.6802395209580838,0.3828257872002905,0.5882839470631571,0.6156426,0.6027140737858411,167
qwen3,"(30, 10, 40)",30,10,40,0.6855345911949685,0.38312476247785016,0.5924302970531989,0.62223184,0.5811668571706511,159
qwen3,"(30, 15, 10)",30,15,10,0.6386046511627907,0.37592081290722656,0.5883283234638852,0.61574066,0.6160412461392544,215
qwen3,"(30, 15, 20)",30,15,20,0.6781420765027323,0.37631484266438037,0.5910980237929877,0.6150412,0.5903596877355967,183
qwen3,"(30, 15, 30)",30,15,30,0.6684523809523809,0.37928432877552154,0.5940882624670676,0.61648774,0.5788321700430458,168
qwen3,"(30, 15, 40)",30,15,40,0.6834319526627219,0.378038748741848,0.59686722934513,0.62290394,0.5647510883046767,169
qwen3,"(35, 5, 10)",35,5,10,0.6311475409836066,0.3864364240252435,0.5832290414517873,0.6131188,0.6197621537488752,183
qwen3,"(35, 5, 20)",35,5,20,0.670414201183432,0.382322561105696,0.5908023584118532,0.61131567,0.5860794280016537,169
qwen3,"(35, 5, 30)",35,5,30,0.6759493670886076,0.38601308876022555,0.5932345593186004,0.61654574,0.5704905274933729,158
qwen3,"(35, 5, 40)",35,5,40,0.6788079470198676,0.3860418792551803,0.5937487482341944,0.62110615,0.5627082370680221,151
qwen3,"(35, 7, 10)",35,7,10,0.6327777777777778,0.3826523705280318,0.5846514514204731,0.6108812,0.6099126924292906,180
qwen3,"(35, 7, 20)",35,7,20,0.6742514970059881,0.38260486648833913,0.5889534673849139,0.6112541,0.5844256912862666,167
qwen3,"(35, 7, 30)",35,7,30,0.6707792207792208,0.38708683722005266,0.5884643822762611,0.6170575,0.5816532503222355,154
qwen3,"(35, 7, 40)",35,7,40,0.6885906040268457,0.38978380671102175,0.5873832135980729,0.61860704,0.582480118679929,149
qwen3,"(35, 10, 10)",35,10,10,0.6401129943502825,0.386584325220728,0.5821279512178782,0.6085029,0.6203701451883558,177
qwen3,"(35, 10, 20)",35,10,20,0.6638554216867469,0.38161491586367624,0.5906153605775634,0.61146396,0.5835258639558355,166
qwen3,"(35, 10, 30)",35,10,30,0.6745222929936305,0.38092548017061467,0.5933576480234523,0.61218655,0.5726063377027651,157
qwen3,"(35, 10, 40)",35,10,40,0.6857142857142857,0.38812475520115447,0.5908111280685869,0.6224414,0.565115883168365,147
qwen3,"(35, 15, 10)",35,15,10,0.6425531914893617,0.37758038078559303,0.5885321537059948,0.6124739,0.6006712225491865,188
qwen3,"(35, 15, 20)",35,15,20,0.6737804878048781,0.38271278012701104,0.5911307380948037,0.6117194,0.5732386487998249,164
qwen3,"(35, 15, 30)",35,15,30,0.6815789473684211,0.38173783013362234,0.5884550316017212,0.61165017,0.5857632724531239,152
qwen3,"(35, 15, 40)",35,15,40,0.6794871794871795,0.3823181645131946,0.5974788387663137,0.62234885,0.5488217125902868,156
qwen3,"(40, 5, 10)",40,5,10,0.6522012578616352,0.3939264256374226,0.575732452448704,0.6083066,0.6229480288917532,159
qwen3,"(40, 5, 20)",40,5,20,0.6677852348993288,0.38997803690386046,0.584378909820436,0.6084946,0.5904812860234928,149
qwen3,"(40, 5, 30)",40,5,30,0.6770833333333334,0.3873304559785518,0.5859767211315426,0.60997975,0.5910649578053941,144
qwen3,"(40, 5, 40)",40,5,40,0.6822222222222222,0.3919912992917638,0.5887931158251629,0.61741686,0.567864004474817,135
qwen3,"(40, 7, 10)",40,7,10,0.6478260869565218,0.38897994873831127,0.5819201169204701,0.603263,0.604683966049758,161
qwen3,"(40, 7, 20)",40,7,20,0.6697368421052632,0.38657061795020853,0.5900246555764543,0.60821867,0.5718037890026508,152
qwen3,"(40, 7, 30)",40,7,30,0.676923076923077,0.3933500636034369,0.5896232732650456,0.6129764,0.5611031396677935,143
qwen3,"(40, 7, 40)",40,7,40,0.6826086956521739,0.3951989313509062,0.5910646434058384,0.6211831,0.5485055570417569,138
qwen3,"(40, 10, 10)",40,10,10,0.6477419354838709,0.3937573928692601,0.5777200532457316,0.60081583,0.616770835866631,155
qwen3,"(40, 10, 20)",40,10,20,0.6765517241379311,0.38903162901151517,0.5835040651544618,0.6058101,0.6041732532405943,145
qwen3,"(40, 10, 30)",40,10,30,0.6867132867132867,0.38846186595820636,0.5916545683848056,0.6154547,0.5568958389065882,143
qwen3,"(40, 10, 40)",40,10,40,0.6911111111111111,0.3939691717052475,0.5886947904426814,0.6152577,0.5614192952163234,135
qwen3,"(40, 15, 10)",40,15,10,0.642,0.39011024700600605,0.5644835069468407,0.6011116,0.626450059583161,150
qwen3,"(40, 15, 20)",40,15,20,0.6691275167785234,0.3883584672082032,0.5894996731338887,0.60907257,0.5666723412534351,149
qwen3,"(40, 15, 30)",40,15,30,0.6692307692307692,0.3928204995997869,0.5899835050649853,0.6169181,0.5624407208346507,143
qwen3,"(40, 15, 40)",40,15,40,0.6992424242424242,0.39305320908183927,0.5886764367335077,0.6126431,0.564897006250152,132
robbert,"(10, 5, 10)",10,5,10,0.5745614035087719,0.3475518280839408,0.5456707787045207,0.5886919,0.7227315839392982,570
robbert,"(10, 5, 20)",10,5,20,0.6072649572649572,0.3519402804616284,0.5480355537366329,0.58813643,0.6858629830491987,468
robbert,"(10, 5, 30)",10,5,30,0.6169411764705882,0.3561751228271702,0.5474266426382475,0.5881197,0.674797538850653,425
robbert,"(10, 5, 40)",10,5,40,0.6141463414634146,0.3536724131271684,0.54966139783217,0.59519947,0.6550742965539045,410
robbert,"(10, 10, 10)",10,10,10,0.5765432098765432,0.34648316658304795,0.5440240340939728,0.5902849,0.709526009873781,567
robbert,"(10, 10, 20)",10,10,20,0.6072805139186296,0.3569836614517359,0.5480591010315949,0.59001714,0.6706631970621854,467
robbert,"(10, 10, 30)",10,10,30,0.607816091954023,0.3589065993010728,0.5494803972060038,0.59138185,0.6650453561613853,435
robbert,"(10, 10, 40)",10,10,40,0.6261194029850746,0.35574385234644157,0.551280365103767,0.5888336,0.6470731292103408,402
robbert,"(10, 15, 10)",10,15,10,0.5756272401433692,0.34515200784338407,0.5451856799926351,0.5923445,0.6982416887570223,558
robbert,"(10, 15, 20)",10,15,20,0.6087048832271762,0.3538794213578003,0.5490693530191392,0.5873504,0.6795398720786011,471
robbert,"(10, 15, 30)",10,15,30,0.6041763341067286,0.3590933065948877,0.5473958013625024,0.5926215,0.6669909287677229,431
robbert,"(10, 15, 40)",10,15,40,0.6176767676767677,0.35944834496077765,0.548583662986791,0.5910256,0.6511101923684914,396
robbert,"(20, 5, 10)",20,5,10,0.6516447368421052,0.3579195366449107,0.5196314270573448,0.5460037,0.7236557309273085,304
robbert,"(20, 5, 20)",20,5,20,0.6656716417910448,0.36546238792965785,0.5253310603627107,0.551777,0.697001386220482,268
robbert,"(20, 5, 30)",20,5,30,0.6595505617977528,0.36369001266997436,0.5326924028817345,0.5625168,0.661494686154819,267
robbert,"(20, 5, 40)",20,5,40,0.6668016194331984,0.3656356010595353,0.5250180115681485,0.5603701,0.6659938228069748,247
robbert,"(20, 10, 10)",20,10,10,0.6664406779661017,0.35811989642707787,0.5152799596799876,0.5451084,0.7281791872370437,295
robbert,"(20, 10, 20)",20,10,20,0.658273381294964,0.3672285805429786,0.5266322527087766,0.556419,0.6868600890099468,278
robbert,"(20, 10, 30)",20,10,30,0.6553435114503817,0.3692588676605843,0.5303706248257599,0.55666554,0.6678177971254164,262
robbert,"(20, 10, 40)",20,10,40,0.6641434262948207,0.36883118677380905,0.530343912967387,0.55959344,0.6621513169094579,251
robbert,"(20, 15, 10)",20,15,10,0.6675767918088737,0.35593222242949807,0.5109599240360869,0.5481831,0.7335295119044724,293
robbert,"(20, 15, 20)",20,15,20,0.6675182481751825,0.3647000557131702,0.5226186036225444,0.551674,0.6969770665629028,274
robbert,"(20, 15, 30)",20,15,30,0.6724806201550387,0.3680111836392028,0.5290466095405787,0.5552784,0.6682312313042632,258
robbert,"(20, 15, 40)",20,15,40,0.6681274900398406,0.3652256300981426,0.5263478202312297,0.56103164,0.6574819426542474,251
robbert,"(30, 5, 10)",30,5,10,0.6830434782608695,0.3560245167363791,0.5046429737207331,0.5224957,0.714146744813833,230
robbert,"(30, 5, 20)",30,5,20,0.6942307692307692,0.36557267603941074,0.5097826720300246,0.5284767,0.698971278484399,208
robbert,"(30, 5, 30)",30,5,30,0.6809302325581396,0.36806698699518303,0.5215834314199302,0.5399834,0.6642671271188502,215
robbert,"(30, 5, 40)",30,5,40,0.6793269230769231,0.3622979388050597,0.5221490728351318,0.5491807,0.6456382694131667,208
robbert,"(30, 10, 10)",30,10,10,0.6912037037037037,0.3632394397420428,0.4955975747030925,0.5192792,0.7478294705610545,216
robbert,"(30, 10, 20)",30,10,20,0.6915887850467289,0.3669426054672897,0.5094504671774605,0.5305784,0.7006979741725237,214
robbert,"(30, 10, 30)",30,10,30,0.6799043062200957,0.36892436713352406,0.5206368172259638,0.5409902,0.6633429801308398,209
robbert,"(30, 10, 40)",30,10,40,0.6914141414141414,0.36310710503791843,0.5163781320599217,0.5420593,0.670736156034923,198
robbert,"(30, 15, 10)",30,15,10,0.6842342342342342,0.3597956590954471,0.5016223348778415,0.51982105,0.7265254505216566,222
robbert,"(30, 15, 20)",30,15,20,0.6875598086124401,0.3670528295378434,0.5077956383051133,0.53116643,0.6980714511539677,209
robbert,"(30, 15, 30)",30,15,30,0.6857142857142857,0.3683387488094009,0.5126915401160392,0.54079455,0.6748461781658114,203
robbert,"(30, 15, 40)",30,15,40,0.6923857868020304,0.3652179887673871,0.5128448196844242,0.5409552,0.6706875167197646,197
robbert,"(40, 5, 10)",40,5,10,0.6898876404494382,0.3691712963450941,0.49821885948425654,0.51246655,0.6986308032782899,178
robbert,"(40, 5, 20)",40,5,20,0.6987951807228916,0.37300097647933345,0.5015045111977231,0.5203162,0.6809990515333544,166
robbert,"(40, 5, 30)",40,5,30,0.6835294117647058,0.37940150822150526,0.5125807313788595,0.52620333,0.6417228045429121,170
robbert,"(40, 5, 40)",40,5,40,0.6903846153846154,0.37864518424124943,0.5051036309384774,0.5336789,0.6579926554634111,156
robbert,"(40, 10, 10)",40,10,10,0.6936046511627907,0.37140403580030923,0.49409957821151285,0.5110874,0.7107906320679005,172
robbert,"(40, 10, 20)",40,10,20,0.691566265060241,0.37630031728208263,0.5015335448541988,0.5222241,0.6838687711277025,166
robbert,"(40, 10, 30)",40,10,30,0.695625,0.3778243272847301,0.5094401491710219,0.52520597,0.6556336486782266,160
robbert,"(40, 10, 40)",40,10,40,0.6941558441558442,0.37742840939129124,0.5069915155874953,0.52898866,0.6490187018166784,154
robbert,"(40, 15, 10)",40,15,10,0.688953488372093,0.37358481100631785,0.4942398874122766,0.5055101,0.7109122303557965,172
robbert,"(40, 15, 20)",40,15,20,0.7,0.37650500153121347,0.4996381812200812,0.5213851,0.6830905420851674,165
robbert,"(40, 15, 30)",40,15,30,0.689937106918239,0.38011055405152877,0.501246320656838,0.525851,0.6674286826041489,159
robbert,"(40, 15, 40)",40,15,40,0.6986754966887417,0.38014387244134473,0.5026703935146771,0.5259193,0.6590627203968968,151
