min_cluster_size,n_components,n_neighbors,diversity_score,c_v_score,doc_assignment_pct,number_of_topics,model_name,run_id
10,5,10,0.5823874038813621,0.3385639679445392,0.6378378378378379,551,mpnet,run_001
10,5,20,0.6058344640434192,0.3396218548126023,0.6139517896274653,446,mpnet,run_001
10,5,30,0.6145141451414514,0.3442052376095222,0.5957146335524713,409,mpnet,run_001
10,5,40,0.6174690870823467,0.338843260671043,0.5640370099829559,383,mpnet,run_001
10,7,10,0.5830465495381272,0.3402630848682558,0.6329437545653762,558,mpnet,run_001
10,7,20,0.6012699802934093,0.3400340851846052,0.593791088385683,459,mpnet,run_001
10,7,30,0.6206984450675503,0.3449057975682269,0.5956659362064768,396,mpnet,run_001
10,7,40,0.6099015033696216,0.3422835479338768,0.5551984416849282,391,mpnet,run_001
10,10,10,0.5781700288184438,0.3379576599446166,0.6309958607255904,560,mpnet,run_001
10,10,20,0.6113207547169811,0.3376379655590616,0.6008278548819089,453,mpnet,run_001
10,10,30,0.6045024302890765,0.3433414887740199,0.5768444119795472,395,mpnet,run_001
10,10,40,0.6178973373593193,0.3422623821308488,0.5647431214998783,368,mpnet,run_001
10,15,10,0.5728862973760933,0.3394828001773156,0.6374726077428781,555,mpnet,run_001
10,15,20,0.6020857473928157,0.3373106850594207,0.6393718042366691,435,mpnet,run_001
10,15,30,0.6044921875,0.3491550883708469,0.5749452154857561,414,mpnet,run_001
10,15,40,0.6180165731087944,0.3415287593212978,0.5628195763330899,379,mpnet,run_001
15,5,10,0.6242534406647624,0.3460765667322609,0.6477233990747504,387,mpnet,run_001
15,5,20,0.6378727328619735,0.3441594564748454,0.6195519844168493,327,mpnet,run_001
15,5,30,0.6410084033613446,0.3491450182442788,0.5842220598977356,299,mpnet,run_001
15,5,40,0.6446311176040905,0.351244794141673,0.573654735816898,274,mpnet,run_001
40,7,10,0.6645569620253164,0.378987076261292,0.620672023374726,158,mpnet,run_001
40,7,20,0.6712230215827338,0.3770347802649822,0.6148283418553688,139,mpnet,run_001
40,7,30,0.6730769230769231,0.382899397530843,0.6079133187241296,130,mpnet,run_001
40,7,40,0.6848,0.3774751008508141,0.6089359629900171,125,mpnet,run_001
40,10,10,0.6823529411764706,0.3712854413619907,0.6269052836620405,153,mpnet,run_001
40,10,20,0.6742424242424242,0.3769820389745421,0.6276357438519601,132,mpnet,run_001
40,10,30,0.6793893129770993,0.378283354186302,0.604236669101534,131,mpnet,run_001
40,10,40,0.68515625,0.3788653411210427,0.6058436815193572,128,mpnet,run_001
40,15,10,0.6662337662337663,0.3748979623699849,0.6211102994886779,154,mpnet,run_001
40,15,20,0.6816176470588236,0.3776189697163642,0.6049671292914536,136,mpnet,run_001
40,15,30,0.6755905511811023,0.379709639321051,0.5996591185780374,127,mpnet,run_001
40,15,40,0.6852459016393443,0.3769260041453016,0.6177745312880448,122,mpnet,run_001
15,7,10,0.621452746680552,0.3484517188859863,0.6591429267104942,386,mpnet,run_001
15,7,20,0.6227938976966796,0.3495496678244903,0.5873873873873874,336,mpnet,run_001
15,7,30,0.6287680209698558,0.3524743868744041,0.5788897005113222,306,mpnet,run_001
15,7,40,0.6548242333582648,0.3503963374268486,0.6010713416118821,268,mpnet,run_001
15,10,10,0.6183968462549277,0.3472557826382235,0.6392500608716825,383,mpnet,run_001
15,10,20,0.6296520423600606,0.3433817893944771,0.5943754565376187,332,mpnet,run_001
15,10,30,0.6382768826044064,0.3469955852227239,0.5622595568541514,305,mpnet,run_001
15,10,40,0.6495726495726496,0.3530479876656376,0.5529827124421719,282,mpnet,run_001
15,15,10,0.6242819843342037,0.3429377168594101,0.6376673971268566,385,mpnet,run_001
15,15,20,0.6224337994644451,0.3493819167435461,0.5849281714146579,338,mpnet,run_001
15,15,30,0.6436663233779608,0.351558427615009,0.6218164110056001,292,mpnet,run_001
15,15,40,0.6547294667185676,0.3529937330336865,0.6074506939371804,258,mpnet,run_001
20,5,10,0.651107325383305,0.3545359712328756,0.660482103725347,294,mpnet,run_001
20,5,20,0.6574038827559955,0.3551447364711387,0.5908205502800098,263,mpnet,run_001
20,5,30,0.6552471812662619,0.3571800255021995,0.6089116143170197,231,mpnet,run_001
20,5,40,0.6689497716894978,0.363086613630069,0.6005113221329438,219,mpnet,run_001
20,7,10,0.6405451448040886,0.3573160473112611,0.6497930362795228,294,mpnet,run_001
20,7,20,0.6686484344034879,0.3539440419059421,0.6226442658875091,253,mpnet,run_001
20,7,30,0.6730072463768116,0.3602962440728378,0.6222059897735573,221,mpnet,run_001
20,7,40,0.6624398775688675,0.3565840938597223,0.593718042366691,229,mpnet,run_001
20,10,10,0.6507826086956522,0.3561965944319009,0.6668858047236426,288,mpnet,run_001
20,10,20,0.6685714285714286,0.3568112500887922,0.6236669101533966,245,mpnet,run_001
20,10,30,0.6633448873483535,0.3559732485077602,0.6114438763087412,231,mpnet,run_001
20,10,40,0.6690615177368657,0.3563375462931953,0.5840759678597517,223,mpnet,run_001
20,15,10,0.6564942314849275,0.3534479205121958,0.6933284635987339,269,mpnet,run_001
20,15,20,0.6650943396226415,0.3546552529108852,0.6240077915753591,255,mpnet,run_001
20,15,30,0.6733624454148471,0.3588951608102447,0.6159970781592403,229,mpnet,run_001
20,15,40,0.6741316270566727,0.3583281239967408,0.6002191380569759,219,mpnet,run_001
25,5,10,0.6553030303030303,0.3584606217009321,0.6519600681762844,238,mpnet,run_001
25,5,20,0.6666666666666666,0.3680785812481828,0.603408814219625,214,mpnet,run_001
25,5,30,0.67047223663726,0.36332304399489,0.6020696372047724,193,mpnet,run_001
25,5,40,0.666120218579235,0.3698002876228868,0.5977842707572437,183,mpnet,run_001
25,7,10,0.659297789336801,0.3640299027701393,0.6630630630630631,231,mpnet,run_001
25,7,20,0.676204101096805,0.3598430970297769,0.6181397613830046,210,mpnet,run_001
25,7,30,0.6776180698151951,0.3635238822747887,0.6071098125152179,195,mpnet,run_001
25,7,40,0.6704918032786885,0.3705299092411987,0.5933528122717312,183,mpnet,run_001
25,10,10,0.6647191011235956,0.3552262745113218,0.6827124421719016,223,mpnet,run_001
25,10,20,0.6653266331658292,0.3654025172717978,0.6268565863160458,199,mpnet,run_001
25,10,30,0.6825649178590355,0.3634803556446539,0.6008035062089117,189,mpnet,run_001
25,10,40,0.6802259887005649,0.3671143241179663,0.5960798636474313,177,mpnet,run_001
25,15,10,0.6638506002667852,0.3598936687760988,0.6559532505478451,225,mpnet,run_001
25,15,20,0.6663447609850314,0.3624745090523792,0.6176284392500608,208,mpnet,run_001
25,15,30,0.6757624398073836,0.3639111828453357,0.6048940832724616,187,mpnet,run_001
25,15,40,0.672077922077922,0.3631489255779671,0.5945945945945946,185,mpnet,run_001
30,5,10,0.6691919191919192,0.3683107944982367,0.6507426345264183,198,mpnet,run_001
30,5,20,0.6796511627906977,0.3708501866990025,0.6170197224251278,172,mpnet,run_001
30,5,30,0.670625,0.3724457246841629,0.6113221329437546,160,mpnet,run_001
30,5,40,0.6788461538461539,0.3724227761035537,0.5944241538836134,156,mpnet,run_001
30,7,10,0.6598909271194844,0.3694065164453764,0.6469685902118335,202,mpnet,run_001
30,7,20,0.6691428571428572,0.371308548441827,0.6247139030922815,175,mpnet,run_001
30,7,30,0.6674698795180722,0.3716806927061483,0.6000973946919893,166,mpnet,run_001
30,7,40,0.6701298701298701,0.3773718568346217,0.6025322619917215,154,mpnet,run_001
30,10,10,0.6705583756345178,0.363978770187204,0.6401266130995861,197,mpnet,run_001
30,10,20,0.6764705882352942,0.3684038669059053,0.6283662040418797,170,mpnet,run_001
30,10,30,0.6740506329113924,0.3662323492811214,0.6174579985390796,158,mpnet,run_001
30,10,40,0.6753333333333333,0.3787544493114105,0.5948380813245678,150,mpnet,run_001
30,15,10,0.6638297872340425,0.3697772998547909,0.6455320185049914,188,mpnet,run_001
30,15,20,0.6765714285714286,0.371232944719193,0.6163136109082055,175,mpnet,run_001
30,15,30,0.6593939393939394,0.3752503287515738,0.5999513026540053,165,mpnet,run_001
30,15,40,0.6766666666666666,0.3708971487782787,0.6015583150718286,150,mpnet,run_001
35,5,10,0.6589595375722543,0.3745813973925757,0.6356221085950816,173,mpnet,run_001
35,5,20,0.6738255033557047,0.3783453393368096,0.6130995860725591,149,mpnet,run_001
35,5,30,0.676923076923077,0.3804709406891014,0.6194302410518627,143,mpnet,run_001
35,5,40,0.6768115942028986,0.3848306083001065,0.5947163379595812,138,mpnet,run_001
35,7,10,0.6656976744186046,0.3713798779287539,0.6424397370343317,172,mpnet,run_001
35,7,20,0.6724832214765101,0.3769430571947366,0.6198198198198198,149,mpnet,run_001
35,7,30,0.6807407407407408,0.3731847719041414,0.6449963476990505,135,mpnet,run_001
35,7,40,0.6887218045112782,0.3762211334331348,0.6179936693450206,133,mpnet,run_001
35,10,10,0.670414201183432,0.3735505124020654,0.6317506695885075,169,mpnet,run_001
35,10,20,0.6682432432432432,0.3760403130134427,0.615437058680302,148,mpnet,run_001
35,10,30,0.6833333333333333,0.3732899548052997,0.5992938884830776,144,mpnet,run_001
35,10,40,0.6825757575757576,0.3782387586601107,0.608327246165084,132,mpnet,run_001
35,15,10,0.6629411764705883,0.3729196044983293,0.632627221816411,170,mpnet,run_001
35,15,20,0.6644295302013423,0.3797634456737278,0.6189919649379109,149,mpnet,run_001
35,15,30,0.6687943262411348,0.3776478091189343,0.5999026053080108,141,mpnet,run_001
35,15,40,0.6813432835820895,0.3738813227276097,0.6056975894813733,134,mpnet,run_001
40,5,10,0.665,0.3746777836805711,0.62081811541271,160,mpnet,run_001
40,5,20,0.672463768115942,0.378745583739661,0.6060628195763331,138,mpnet,run_001
40,5,30,0.6776923076923077,0.3809112518473511,0.6126613099586072,130,mpnet,run_001
40,5,40,0.6694656488549618,0.3848374030835635,0.5945945945945946,131,mpnet,run_001
10,5,10,0.580470500373413,0.3387128618768491,0.6438032627221817,539,qwen3,run_001
10,5,20,0.6014145562400183,0.3433142628855499,0.5942293644996348,444,qwen3,run_001
10,5,30,0.6127272727272727,0.3478769524117642,0.5962746530314098,389,qwen3,run_001
10,5,40,0.6275280898876404,0.3509099494308452,0.5650109569028487,360,qwen3,run_001
10,7,10,0.5792319164802386,0.3394630312604685,0.6451180910640371,540,qwen3,run_001
10,7,20,0.5964125560538116,0.3422769515697043,0.5958120282444607,450,qwen3,run_001
10,7,30,0.6065318818040435,0.3463958976347407,0.5889213537862187,389,qwen3,run_001
10,7,40,0.6258503401360545,0.3475258985836189,0.5712685658631604,370,qwen3,run_001
10,10,10,0.5827765404602822,0.3375261614171272,0.6337959581202824,542,qwen3,run_001
10,10,20,0.5947208596122401,0.3476657522736588,0.6156074993912832,433,qwen3,run_001
10,10,30,0.6151460325665546,0.3490588781691615,0.5863647431214999,390,qwen3,run_001
10,10,40,0.6229997287767833,0.348196772189726,0.5634526418310202,372,qwen3,run_001
10,15,10,0.575499629903775,0.3386852702351477,0.629973216459703,545,qwen3,run_001
10,15,20,0.5957788483597155,0.344548167117782,0.5922084246408571,441,qwen3,run_001
10,15,30,0.6160293347302253,0.3475830888620089,0.5765522279035793,385,qwen3,run_001
10,15,40,0.6249315068493151,0.3496152012437016,0.5682249817384952,367,qwen3,run_001
15,5,10,0.6137875964865585,0.3514764922789736,0.6376430484538592,377,qwen3,run_001
15,5,20,0.6279949558638083,0.3562887970656077,0.5935719503287071,318,qwen3,run_001
15,5,30,0.6389565217391304,0.3587726732130601,0.5933041149257365,288,qwen3,run_001
15,5,40,0.6368249365712214,0.3653068904027521,0.5617969320672024,276,qwen3,run_001
40,7,10,0.6458598726114649,0.3995378792745954,0.6275626978329681,157,qwen3,run_001
40,7,20,0.65625,0.3910402457850871,0.5699780861943025,160,qwen3,run_001
40,7,30,0.6448275862068965,0.4003925146957634,0.5614803993182371,145,qwen3,run_001
40,7,40,0.6555555555555556,0.4035015870582879,0.5405648892135378,135,qwen3,run_001
40,10,10,0.634375,0.3994941815492056,0.6138300462624787,160,qwen3,run_001
40,10,20,0.6405405405405405,0.4009180643033089,0.5655709763817872,148,qwen3,run_001
40,10,30,0.6586206896551724,0.3909516566618637,0.5455563671779888,145,qwen3,run_001
40,10,40,0.6607142857142857,0.3918722991361441,0.5381787192598003,140,qwen3,run_001
40,15,10,0.6537974683544304,0.4018561980735977,0.6160701241782323,158,qwen3,run_001
40,15,20,0.6469798657718121,0.3954307666985452,0.5647431214998783,149,qwen3,run_001
40,15,30,0.6549295774647887,0.3959601121701949,0.5841246652057462,142,qwen3,run_001
40,15,40,0.6556390977443609,0.4037769737303435,0.5425614803993183,133,qwen3,run_001
15,7,10,0.6140549730801926,0.3593642851437367,0.6446798149500852,354,qwen3,run_001
15,7,20,0.6260869565217392,0.3556661915550542,0.5949111273435598,323,qwen3,run_001
15,7,30,0.6334567485695052,0.3596720182366907,0.5705624543462381,298,qwen3,run_001
15,7,40,0.6356245380635624,0.3620229555177803,0.580009739469199,271,qwen3,run_001
15,10,10,0.6248244875035103,0.3523113913699551,0.6462868273679084,357,qwen3,run_001
15,10,20,0.6166772352568167,0.3590221013807333,0.5928171414657901,316,qwen3,run_001
15,10,30,0.6301835486063903,0.3572766019796294,0.58190893596299,295,qwen3,run_001
15,10,40,0.6417693981145758,0.3592949771712068,0.5753347942537131,276,qwen3,run_001
15,15,10,0.6266311584553929,0.35461667991295,0.6295836376917457,376,qwen3,run_001
15,15,20,0.6267123287671232,0.3589688294067553,0.5872656440224008,322,qwen3,run_001
15,15,30,0.6379542395693136,0.3558260080065447,0.5683223764304846,298,qwen3,run_001
15,15,40,0.6409794742527908,0.3571230360827646,0.5496712929145362,278,qwen3,run_001
20,5,10,0.6307585729130586,0.360835635525173,0.6283662040418797,289,qwen3,run_001
20,5,20,0.6326915817289543,0.364475534556483,0.5895057219381544,265,qwen3,run_001
20,5,30,0.6316455696202532,0.3662137237821428,0.5775992208424641,237,qwen3,run_001
20,5,40,0.6333333333333333,0.3749602033441886,0.5555393231068907,222,qwen3,run_001
20,7,10,0.6220951018948874,0.3676874683619832,0.658290723155588,280,qwen3,run_001
20,7,20,0.6314187904146064,0.3653966118603086,0.5878987095203312,263,qwen3,run_001
20,7,30,0.6337719298245614,0.3692267456184384,0.5868030192354516,228,qwen3,run_001
20,7,40,0.6417040358744395,0.3677717597443787,0.5628439250060872,223,qwen3,run_001
20,10,10,0.6297602256699577,0.3610586331131065,0.6384709033357682,284,qwen3,run_001
20,10,20,0.6275648470770422,0.3691168826888233,0.5859751643535427,259,qwen3,run_001
20,10,30,0.6536796536796536,0.3644974437579823,0.5894570245921598,231,qwen3,run_001
20,10,40,0.6411764705882353,0.3698562578608175,0.5721207694180667,221,qwen3,run_001
20,15,10,0.6337727110794442,0.3635200532646683,0.6346968590211833,281,qwen3,run_001
20,15,20,0.6312305295950156,0.3664270582092914,0.5883126369612857,257,qwen3,run_001
20,15,30,0.6447826086956522,0.3708738857937266,0.5721938154370587,230,qwen3,run_001
20,15,40,0.6457547169811321,0.373335418350242,0.56518139761383,212,qwen3,run_001
25,5,10,0.6369477911646586,0.3701465199777089,0.6203798392987582,249,qwen3,run_001
25,5,20,0.6366515837104072,0.3750189882098229,0.6015826637448259,221,qwen3,run_001
25,5,30,0.6361809045226131,0.3760746097310071,0.5802532261991722,199,qwen3,run_001
25,5,40,0.6513227513227513,0.3824397036901218,0.552690528366204,189,qwen3,run_001
25,7,10,0.6313823163138231,0.3766323528634973,0.6288531775018261,241,qwen3,run_001
25,7,20,0.6407457935425194,0.3748933005798089,0.5847333820306794,220,qwen3,run_001
25,7,30,0.638,0.3769339892427537,0.574190406622839,200,qwen3,run_001
25,7,40,0.6517587939698493,0.3795132139770071,0.5546140735329924,199,qwen3,run_001
25,10,10,0.6313823163138231,0.373035212472099,0.6388117847577307,241,qwen3,run_001
25,10,20,0.6362790697674419,0.3817620598574891,0.5912588263939615,215,qwen3,run_001
25,10,30,0.6460784313725491,0.371867524032642,0.5715607499391283,204,qwen3,run_001
25,10,40,0.6534031413612565,0.3788512100334803,0.5668858047236426,191,qwen3,run_001
25,15,10,0.6363636363636364,0.3713957544058691,0.6271244217190163,241,qwen3,run_001
25,15,20,0.639906103286385,0.3770609841298666,0.5892135378621866,213,qwen3,run_001
25,15,30,0.6663157894736842,0.3769797037377126,0.5921110299488678,190,qwen3,run_001
25,15,40,0.6586021505376344,0.3824949626048031,0.5647674701728755,186,qwen3,run_001
30,5,10,0.637989366843886,0.3849237993775452,0.6241538836133431,207,qwen3,run_001
30,5,20,0.6425531914893617,0.3857717332585907,0.6017044071098125,188,qwen3,run_001
30,5,30,0.6340782122905028,0.3913454659279223,0.5678841003165328,179,qwen3,run_001
30,5,40,0.649112426035503,0.3885266724178277,0.5472120769418066,169,qwen3,run_001
30,7,10,0.637446403049071,0.381115081478301,0.6325785244704164,210,qwen3,run_001
30,7,20,0.6353846153846154,0.3834031750570697,0.5809106403700999,195,qwen3,run_001
30,7,30,0.6403314917127072,0.3839015254820359,0.5720477233990747,181,qwen3,run_001
30,7,40,0.6432926829268293,0.3865309612326514,0.5621865108351595,164,qwen3,run_001
30,10,10,0.6267778322707209,0.3865396950443078,0.6179693206720234,204,qwen3,run_001
30,10,20,0.6452127659574468,0.3846819220181226,0.5829072315558802,188,qwen3,run_001
30,10,30,0.6483333333333333,0.3763622411585086,0.5672266861456051,180,qwen3,run_001
30,10,40,0.6473053892215569,0.3869273567232922,0.5648405161918676,167,qwen3,run_001
30,15,10,0.6460132046724225,0.3828896067222237,0.6370343316289262,197,qwen3,run_001
30,15,20,0.6446808510638298,0.3830276477223619,0.5813976138300463,188,qwen3,run_001
30,15,30,0.6497175141242938,0.3780877184772255,0.5680788897005113,177,qwen3,run_001
30,15,40,0.6581818181818182,0.3863701114915427,0.5612369125882639,165,qwen3,run_001
35,5,10,0.6397790055248619,0.3956995230861801,0.6324567811054298,181,qwen3,run_001
35,5,20,0.6405882352941177,0.3951495681178198,0.570781592403214,170,qwen3,run_001
35,5,30,0.6401491609695463,0.3917638301011383,0.5646457268078889,161,qwen3,run_001
35,5,40,0.652258064516129,0.3930107596718116,0.5367421475529583,155,qwen3,run_001
35,7,10,0.6323863636363637,0.3937499860942482,0.6178475773070368,176,qwen3,run_001
35,7,20,0.6421965317919075,0.3915480341978707,0.5746530314097882,173,qwen3,run_001
35,7,30,0.6466257668711657,0.3882403944157203,0.5661796932067202,163,qwen3,run_001
35,7,40,0.6546666666666666,0.3973064099768394,0.5523496469442415,150,qwen3,run_001
35,10,10,0.6296703296703297,0.395095664443005,0.6118578037496957,182,qwen3,run_001
35,10,20,0.6464285714285715,0.3932533271515918,0.5712442171901632,168,qwen3,run_001
35,10,30,0.6432098765432098,0.3875967437818851,0.5548088629169711,162,qwen3,run_001
35,10,40,0.6593333333333333,0.3912041078191743,0.5525687850012174,150,qwen3,run_001
35,15,10,0.6370786516853932,0.3903880694194263,0.6105429754078403,178,qwen3,run_001
35,15,20,0.649375,0.3938610732843573,0.5976381787192598,160,qwen3,run_001
35,15,30,0.6571079926784624,0.3873004089257296,0.5425127830533236,164,qwen3,run_001
35,15,40,0.6620915032679738,0.3921730712121486,0.552763574385196,153,qwen3,run_001
40,5,10,0.6420382165605095,0.4015923888222361,0.6436328220112004,157,qwen3,run_001
40,5,20,0.6451612903225806,0.3963576648391184,0.5643535427319211,155,qwen3,run_001
40,5,30,0.6531034482758621,0.3984133117488011,0.5516922327733138,145,qwen3,run_001
40,5,40,0.6652482269503546,0.4000931335344068,0.5327489651813976,141,qwen3,run_001
10,5,10,0.6265486725663717,0.3409383604160086,0.7046749452154858,512,robbert,run_001
10,5,20,0.6607271851673489,0.350256779903503,0.6822498173849525,418,robbert,run_001
10,5,30,0.6668389764797105,0.3513768121731051,0.6682736790844899,390,robbert,run_001
10,5,40,0.6755833807626637,0.356962036452774,0.6725103481860238,354,robbert,run_001
10,7,10,0.6220427005193306,0.3404846343945232,0.6891648405161919,523,robbert,run_001
10,7,20,0.6632409177820268,0.3510444706068922,0.6929388848307767,421,robbert,run_001
10,7,30,0.6709314227226203,0.3480892300427577,0.665327489651814,394,robbert,run_001
10,7,40,0.6783642691415314,0.3518854741653766,0.6781592403214025,347,robbert,run_001
10,10,10,0.6249515691592405,0.3368914514284279,0.6892378865351838,519,robbert,run_001
10,10,20,0.6681297244574494,0.3473909186544979,0.6898709520331142,413,robbert,run_001
10,10,30,0.672246926497515,0.3516100582329879,0.6690041392744095,385,robbert,run_001
10,10,40,0.6774012881545786,0.3527435634244244,0.6534696859021183,359,robbert,run_001
10,15,10,0.630083673866511,0.3386472890919025,0.6958120282444606,516,robbert,run_001
10,15,20,0.653953488372093,0.3450040181411263,0.6669101533966398,433,robbert,run_001
10,15,30,0.6636271529888551,0.3494117794002131,0.6519600681762844,397,robbert,run_001
10,15,40,0.6825834943417057,0.3494696787863763,0.6507426345264183,364,robbert,run_001
15,5,10,0.6840363937138131,0.346012958259517,0.7250304358412466,363,robbert,run_001
15,5,20,0.6793529971455756,0.3587789514283796,0.6956659362064768,316,robbert,run_001
15,5,30,0.6933007676203768,0.3570569140810145,0.6731921110299489,287,robbert,run_001
15,5,40,0.6802867383512545,0.3632710900449283,0.6475773070367665,280,robbert,run_001
40,7,10,0.7,0.373865291239979,0.7254687119551985,174,robbert,run_001
40,7,20,0.703125,0.3810482898621907,0.7053080107134161,160,robbert,run_001
40,7,30,0.6914110429447853,0.3804974707771166,0.6385439493547602,163,robbert,run_001
40,7,40,0.7,0.3853719097462594,0.6445580715850986,154,robbert,run_001
40,10,10,0.692090395480226,0.37442002433489,0.7005113221329438,177,robbert,run_001
40,10,20,0.703125,0.3794611394913154,0.6975164353542732,160,robbert,run_001
40,10,30,0.6968553459119496,0.3875571266086182,0.6552471390309228,159,robbert,run_001
40,10,40,0.6966442953020134,0.3884917816161377,0.6700024348672997,149,robbert,run_001
40,15,10,0.6976470588235294,0.379357960961396,0.7170197224251278,170,robbert,run_001
40,15,20,0.700625,0.3802497293580757,0.7037496956415875,160,robbert,run_001
40,15,30,0.701948051948052,0.3785220573258404,0.6635013391770148,154,robbert,run_001
40,15,40,0.6973333333333334,0.3856366639872444,0.6544436328220112,150,robbert,run_001
15,7,10,0.6787405962663695,0.3464215730682317,0.7414414414414414,359,robbert,run_001
15,7,20,0.6887133925633432,0.3563822422178457,0.718772826880935,305,robbert,run_001
15,7,30,0.6820307281229125,0.3613204035126333,0.6664718772826881,300,robbert,run_001
15,7,40,0.6951043916486681,0.3571985512422094,0.6642074506939372,279,robbert,run_001
15,10,10,0.6687532603025561,0.3459960156773753,0.6979303627952277,384,robbert,run_001
15,10,20,0.6966101694915254,0.3547584054787978,0.7255417579741904,296,robbert,run_001
15,10,30,0.6877523553162853,0.3595148481941428,0.6742634526418311,298,robbert,run_001
15,10,40,0.6859205776173285,0.3616096889812143,0.6534209885561237,278,robbert,run_001
15,15,10,0.6756459593183067,0.3482343587549495,0.7175797419040663,364,robbert,run_001
15,15,20,0.6850241545893719,0.3551521823327241,0.6861212563915267,311,robbert,run_001
15,15,30,0.6796714579055442,0.3593158035947958,0.661918675432189,293,robbert,run_001
15,15,40,0.6938562998958695,0.3548400409403571,0.6461407353299246,289,robbert,run_001
20,5,10,0.6846416382252559,0.3493361976456111,0.7280253226199173,293,robbert,run_001
20,5,20,0.6873111782477341,0.3639181052204388,0.7054784514243974,265,robbert,run_001
20,5,30,0.7007705479452054,0.3614903078835366,0.6835889943998052,234,robbert,run_001
20,5,40,0.6785714285714286,0.3685647907600632,0.6512783053323594,238,robbert,run_001
20,7,10,0.6819444444444445,0.3547239958339153,0.7391283175066958,288,robbert,run_001
20,7,20,0.6903073286052009,0.359168553326862,0.7260530801071342,254,robbert,run_001
20,7,30,0.6865733113673805,0.3672741356101981,0.6638178719259801,243,robbert,run_001
20,7,40,0.7030973451327434,0.3673709891597434,0.6900657414170928,226,robbert,run_001
20,10,10,0.6693661971830986,0.3560317837134369,0.7156318480642805,284,robbert,run_001
20,10,20,0.6930966469428008,0.3553945905754153,0.7138300462624787,254,robbert,run_001
20,10,30,0.6836734693877551,0.3654370622104161,0.680399318237156,245,robbert,run_001
20,10,40,0.6928270042194092,0.3654137118041737,0.6514487460433407,237,robbert,run_001
20,15,10,0.680565371024735,0.3543847271249153,0.7433406379352325,283,robbert,run_001
20,15,20,0.6825757575757576,0.3612617702693851,0.6872169466764061,264,robbert,run_001
20,15,30,0.6918367346938775,0.3609756852007771,0.6664718772826881,245,robbert,run_001
20,15,40,0.711453744493392,0.3629635307602917,0.6624299975651327,227,robbert,run_001
25,5,10,0.6746031746031746,0.3606858117892849,0.7235208181154127,252,robbert,run_001
25,5,20,0.6808510638297872,0.3664133375989196,0.6897979060141223,235,robbert,run_001
25,5,30,0.6954128440366972,0.3625996503134866,0.6729973216459703,218,robbert,run_001
25,5,40,0.6815668202764977,0.3691791525083776,0.6523496469442416,217,robbert,run_001
25,7,10,0.6824,0.3571485026917392,0.7313610908205502,250,robbert,run_001
25,7,20,0.6964757709251101,0.361845640447509,0.7147309471633796,227,robbert,run_001
25,7,30,0.6936363636363636,0.3671979099038162,0.6612125639152666,220,robbert,run_001
25,7,40,0.7091787439613526,0.3683532740620711,0.6859751643535428,207,robbert,run_001
25,10,10,0.6818548387096774,0.3576983263028253,0.715290966642318,248,robbert,run_001
25,10,20,0.704,0.3605009701264574,0.7031896761626492,225,robbert,run_001
25,10,30,0.6868778280542986,0.3675344747799045,0.6645970294618944,221,robbert,run_001
25,10,40,0.7063106796116505,0.3695216253354021,0.6698319941563184,206,robbert,run_001
25,15,10,0.6799163179916318,0.3584639811168381,0.739517896274653,239,robbert,run_001
25,15,20,0.6880851063829787,0.3628251524759813,0.6781835889943998,235,robbert,run_001
25,15,30,0.694811320754717,0.3653205926155552,0.679254930606282,212,robbert,run_001
25,15,40,0.7123222748815166,0.3630930160297583,0.6707328950572193,211,robbert,run_001
30,5,10,0.6968181818181818,0.3632791439272747,0.7207694180667154,220,robbert,run_001
30,5,20,0.6865740740740741,0.369551278636721,0.6808132456781105,216,robbert,run_001
30,5,30,0.705050505050505,0.3683296560163193,0.6770392013635257,198,robbert,run_001
30,5,40,0.6895,0.3691488140564773,0.6547358168979791,200,robbert,run_001
30,7,10,0.6910714285714286,0.3603771468244326,0.7349403457511565,224,robbert,run_001
30,7,20,0.7029411764705882,0.3700396272809614,0.7075967859751644,204,robbert,run_001
30,7,30,0.7118811881188118,0.3661146368923708,0.6697832968103239,202,robbert,run_001
30,7,40,0.7117948717948718,0.3703713058279857,0.6690041392744095,195,robbert,run_001
30,10,10,0.6834821428571428,0.3590011608267244,0.7170684197711225,224,robbert,run_001
30,10,20,0.7053921568627451,0.3652089312342484,0.7152422692963234,204,robbert,run_001
30,10,30,0.6970588235294117,0.3708360579244341,0.6679084489895301,204,robbert,run_001
30,10,40,0.7071065989847716,0.3668491254066224,0.6581446311176041,197,robbert,run_001
30,15,10,0.6889400921658986,0.3621266047799713,0.7299488677867056,217,robbert,run_001
30,15,20,0.7014778325123153,0.366594023297968,0.7003652300949599,203,robbert,run_001
30,15,30,0.6934343434343434,0.3683629750222574,0.6766739712685659,198,robbert,run_001
30,15,40,0.7151832460732984,0.3686782377776686,0.66654492330168,191,robbert,run_001
35,5,10,0.6909090909090909,0.3670148607203735,0.720891161431702,198,robbert,run_001
35,5,20,0.6924324324324325,0.3807300219426074,0.6886778670562455,185,robbert,run_001
35,5,30,0.7017341040462428,0.376046713488313,0.6683467251034818,173,robbert,run_001
35,5,40,0.7,0.3725526217426117,0.6691015339663988,168,robbert,run_001
35,7,10,0.6899497487437186,0.3673578620405685,0.7097881665449233,199,robbert,run_001
35,7,20,0.7060773480662983,0.3789569438490355,0.6971025079133187,181,robbert,run_001
35,7,30,0.7034285714285714,0.3749870049399258,0.6481860238616995,175,robbert,run_001
35,7,40,0.6976047904191617,0.3770583712106837,0.6571950328707086,167,robbert,run_001
35,10,10,0.6804020100502512,0.3662223633504911,0.7050158266374482,199,robbert,run_001
35,10,20,0.7027624309392265,0.3728832427725606,0.700535670805941,181,robbert,run_001
35,10,30,0.7017142857142857,0.3803376483375345,0.6576576576576577,175,robbert,run_001
35,10,40,0.6924418604651162,0.3777107337679943,0.6364012661309959,172,robbert,run_001
35,15,10,0.6932989690721649,0.3696402044910138,0.7162162162162162,194,robbert,run_001
35,15,20,0.7028248587570621,0.3713022249045468,0.7212320428536645,177,robbert,run_001
35,15,30,0.702906976744186,0.3762149671365659,0.6642074506939372,172,robbert,run_001
35,15,40,0.7031055900621118,0.3778089083394538,0.6739225712198685,161,robbert,run_001
40,5,10,0.6961111111111111,0.3749082831332998,0.6993425858290723,180,robbert,run_001
40,5,20,0.6815476190476191,0.3845879271186573,0.6815680545410275,168,robbert,run_001
40,5,30,0.6916666666666667,0.3832791496188643,0.6571219868517166,156,robbert,run_001
40,5,40,0.6903846153846154,0.3790596879088008,0.6494034575115656,156,robbert,run_001
10,5,50,0.6347005016228976,0.3474094051403383,0.5541027514000487,341,qwen3,run_002
10,7,50,0.6272777471010491,0.3470072269050893,0.5411249086924763,365,qwen3,run_002
10,10,50,0.6230859835100118,0.3496176761981155,0.5497686876065254,343,qwen3,run_002
10,12,10,0.5804896142433235,0.340019889089826,0.631190650109569,543,qwen3,run_002
10,12,20,0.5989036089538602,0.3424158494753645,0.5964694424153884,442,qwen3,run_002
10,12,30,0.6141633064516129,0.3471964756819177,0.5918188458728999,400,qwen3,run_002
10,12,40,0.6148371201751984,0.350255857595841,0.5614073532992452,369,qwen3,run_002
10,12,50,0.6246793958392705,0.3467630324829144,0.552154857560263,353,qwen3,run_002
10,15,50,0.6288515406162465,0.345658677464392,0.5381300219138057,360,qwen3,run_002
15,5,50,0.6508737864077669,0.3576434916438324,0.5705381056732408,258,qwen3,run_002
15,7,50,0.6425215348472983,0.3602680158181041,0.5695885074263453,256,qwen3,run_002
15,10,50,0.6467020470053071,0.3584756835553989,0.557073289505722,265,qwen3,run_002
15,12,10,0.6226969292389853,0.3522618951771691,0.6269296323350377,376,qwen3,run_002
15,12,20,0.6266326855686525,0.3532149905261628,0.5988556123691259,315,qwen3,run_002
15,12,30,0.6364846870838882,0.362309061382354,0.5816654492330168,301,qwen3,run_002
15,12,40,0.6333209371513574,0.3595337940987787,0.5772583394205015,269,qwen3,run_002
15,12,50,0.6444963049397122,0.358109969044427,0.5572193815437059,258,qwen3,run_002
15,15,50,0.6445783132530121,0.3583822503499871,0.5571463355247139,266,qwen3,run_002
20,5,50,0.6511520737327189,0.3695557538241725,0.5532505478451425,217,qwen3,run_002
20,7,50,0.645662100456621,0.3722984344554768,0.5439250060871682,219,qwen3,run_002
50,10,30,0.6672,0.4021145098675019,0.5252252252252252,125,qwen3,run_002
50,10,40,0.6815126050420168,0.4031486926310036,0.5406622839055272,119,qwen3,run_002
50,10,50,0.6873873873873874,0.4070097570109608,0.5245434623813002,111,qwen3,run_002
50,12,10,0.6402985074626866,0.4051326806809523,0.6033601168736303,134,qwen3,run_002
50,12,20,0.6716666666666666,0.4193264385966203,0.5773800827854881,120,qwen3,run_002
50,12,30,0.6848739495798319,0.3998316545090558,0.5474312149987826,119,qwen3,run_002
50,12,40,0.6734513274336283,0.4106512013973895,0.5470416362308255,113,qwen3,run_002
50,12,50,0.6752212389380531,0.4106216569787483,0.5108838568298028,113,qwen3,run_002
50,15,10,0.6507462686567164,0.4083964649990252,0.5919405892378865,134,qwen3,run_002
50,15,20,0.657258064516129,0.4125170957485494,0.5562210859508157,124,qwen3,run_002
50,15,30,0.6658333333333334,0.4071224815354005,0.5625760896031167,120,qwen3,run_002
50,15,40,0.6788990825688074,0.4065000576341358,0.5648405161918676,109,qwen3,run_002
50,15,50,0.6849557522123894,0.4114824129367458,0.5237886535183832,113,qwen3,run_002
20,10,50,0.6465437788018433,0.3659660444834587,0.5545897248599951,217,qwen3,run_002
20,12,10,0.6313006697215369,0.3657663261560023,0.6320915510104699,284,qwen3,run_002
20,12,20,0.6411258795934324,0.3614985194754812,0.5823715607499391,256,qwen3,run_002
20,12,30,0.6431846602751147,0.3685100872371791,0.5630387143900657,240,qwen3,run_002
20,12,40,0.6523584905660378,0.3687428201053628,0.5969564158753348,212,qwen3,run_002
20,12,50,0.6473029045643154,0.3682444277280376,0.5477477477477477,217,qwen3,run_002
20,15,50,0.6499068901303539,0.3673902152062501,0.551253956659362,215,qwen3,run_002
25,5,50,0.6524590163934426,0.3848016285812293,0.5495252008765522,183,qwen3,run_002
25,7,50,0.658288770053476,0.3829685141093996,0.549963476990504,187,qwen3,run_002
25,10,50,0.6593582887700534,0.3810202714743994,0.5557341124908692,187,qwen3,run_002
25,12,10,0.6294046172539489,0.3738735880463046,0.6294375456537619,247,qwen3,run_002
25,12,20,0.6479471448796602,0.3806417275679591,0.5984660336011688,212,qwen3,run_002
25,12,30,0.6462585034013606,0.3733129448736048,0.5628926223520818,206,qwen3,run_002
25,12,40,0.6505263157894737,0.3796302794014295,0.557073289505722,190,qwen3,run_002
25,12,50,0.660137638962414,0.3742873147199219,0.5453615777940102,189,qwen3,run_002
25,15,50,0.6605005440696409,0.3758669225009682,0.5672997321645971,184,qwen3,run_002
30,5,50,0.6580246913580247,0.3871179077731682,0.5478938397857317,162,qwen3,run_002
30,7,50,0.661963190184049,0.3857441965971406,0.5541757974190407,163,qwen3,run_002
30,10,50,0.655688622754491,0.3866242089444409,0.5387874360847333,167,qwen3,run_002
30,12,10,0.6308887809616318,0.3839836487208808,0.6280496712929146,206,qwen3,run_002
30,12,20,0.6454545454545455,0.3815523585976427,0.5849525200876552,187,qwen3,run_002
30,12,30,0.6491228070175439,0.3833558585866152,0.5800827854881909,171,qwen3,run_002
30,12,40,0.6520231213872832,0.3814250461770536,0.5490869247626005,173,qwen3,run_002
30,12,50,0.6568047337278107,0.3856915024945003,0.5459946432919406,169,qwen3,run_002
30,15,50,0.6588957055214724,0.3850864922532028,0.537399561723886,163,qwen3,run_002
35,5,50,0.65625,0.395257874121141,0.5479425371317264,144,qwen3,run_002
35,7,50,0.666887417218543,0.3908171054237094,0.5316776235695154,151,qwen3,run_002
35,10,50,0.66993006993007,0.3989231984862204,0.5508156805454103,143,qwen3,run_002
35,12,10,0.634090909090909,0.3921816347634298,0.6191380569758949,176,qwen3,run_002
35,12,20,0.644311377245509,0.389023821085571,0.5733869004139275,167,qwen3,run_002
35,12,30,0.6532051282051282,0.387851231664832,0.5681032383735086,156,qwen3,run_002
35,12,40,0.6506329113924051,0.3920467278663929,0.5404918431945459,158,qwen3,run_002
35,12,50,0.6613793103448276,0.3894796200746403,0.5690041392744095,145,qwen3,run_002
35,15,50,0.674468085106383,0.3961273249439639,0.5465790114438763,141,qwen3,run_002
40,5,50,0.6636363636363637,0.3982641682860346,0.522108595081568,132,qwen3,run_002
40,7,50,0.6792307692307692,0.4010238664255831,0.5379108838568298,130,qwen3,run_002
40,10,50,0.6759398496240602,0.4022820986811068,0.5272948624299976,133,qwen3,run_002
40,12,10,0.6449367088607595,0.4019582660384953,0.6325054784514244,158,qwen3,run_002
40,12,20,0.6566666666666666,0.3949699589801894,0.5645239834429023,150,qwen3,run_002
40,12,30,0.6652482269503546,0.3989655456293919,0.5539323106890675,141,qwen3,run_002
40,12,40,0.6568345323741007,0.400568714311294,0.5364743121499879,139,qwen3,run_002
40,12,50,0.6763358778625954,0.3986149913892277,0.52936449963477,131,qwen3,run_002
40,15,50,0.6748031496062992,0.398754681557752,0.5388848307767227,127,qwen3,run_002
45,5,10,0.6527027027027027,0.3984899657511478,0.630508887265644,148,qwen3,run_002
45,5,20,0.6524137931034483,0.3997297432643578,0.5439006574141709,145,qwen3,run_002
45,5,30,0.6664179104477612,0.4033950597459057,0.5454833211589968,134,qwen3,run_002
45,5,40,0.6653225806451613,0.4057624747366169,0.5454346238130022,124,qwen3,run_002
45,5,50,0.6678260869565218,0.4076719317175608,0.5539566593620647,115,qwen3,run_002
45,7,10,0.6506944444444445,0.4021477352605458,0.6171414657901144,144,qwen3,run_002
45,7,20,0.6560283687943262,0.4031908919715251,0.5494521548575603,141,qwen3,run_002
45,7,30,0.6686567164179105,0.4005143485126117,0.5508887265644022,134,qwen3,run_002
45,7,40,0.6566929133858268,0.4050883045453645,0.5383248112977843,127,qwen3,run_002
45,7,50,0.6819672131147541,0.4066729893775859,0.5350620891161432,122,qwen3,run_002
45,10,10,0.6566433566433566,0.405214618410544,0.6357195032870708,143,qwen3,run_002
45,10,20,0.6412587412587413,0.4037609568732082,0.552154857560263,143,qwen3,run_002
45,10,30,0.65546875,0.4050723563034458,0.5497930362795228,128,qwen3,run_002
45,10,40,0.6772357723577236,0.3969205812169474,0.5465790114438763,123,qwen3,run_002
45,10,50,0.6783333333333333,0.4096937537605102,0.5251765278792306,120,qwen3,run_002
45,12,10,0.6533333333333333,0.3998320788901833,0.6179449719990261,150,qwen3,run_002
45,12,20,0.6654135338345865,0.409164719402748,0.5627952276600925,133,qwen3,run_002
45,12,30,0.67421875,0.3991213874480802,0.5492086681275871,128,qwen3,run_002
45,12,40,0.6661290322580645,0.4006632341410974,0.5375943511078646,124,qwen3,run_002
45,12,50,0.6816666666666666,0.40674574364595,0.5287070854638423,120,qwen3,run_002
45,15,10,0.6428571428571429,0.3994102877492635,0.604236669101534,147,qwen3,run_002
45,15,20,0.6488721804511278,0.4049740925287461,0.5670318967616265,133,qwen3,run_002
45,15,30,0.6692913385826772,0.3991818862351717,0.5774287801314828,127,qwen3,run_002
45,15,40,0.6561538461538462,0.402752311060547,0.5215242269296323,130,qwen3,run_002
45,15,50,0.6830508474576271,0.4097671534888039,0.5318480642804967,118,qwen3,run_002
50,5,10,0.6448529411764706,0.405007572924982,0.618845872899927,136,qwen3,run_002
50,5,20,0.6606299212598425,0.4116944268524014,0.5520331141952763,127,qwen3,run_002
50,5,30,0.6680327868852459,0.4095682782504332,0.5432432432432432,122,qwen3,run_002
50,5,40,0.6720338983050848,0.4106552493345088,0.5193571950328707,118,qwen3,run_002
50,5,50,0.666,0.4186214231842982,0.5720233747260774,100,qwen3,run_002
50,7,10,0.6424460431654676,0.4031555913364523,0.6027514000486973,139,qwen3,run_002
50,7,20,0.6696,0.4078163037207377,0.5757487216946676,125,qwen3,run_002
50,7,30,0.6775,0.4046655551108228,0.5478207937667398,120,qwen3,run_002
50,7,40,0.6810810810810811,0.4050815928196875,0.5620160701241782,111,qwen3,run_002
50,7,50,0.6735849056603773,0.4163253272373745,0.5447528609690772,106,qwen3,run_002
50,10,10,0.649624060150376,0.4024115790360045,0.6128560993425858,133,qwen3,run_002
50,10,20,0.6642857142857143,0.4126041465081637,0.5573654735816898,126,qwen3,run_002
10,5,50,0.6279563371740449,0.3503537019741046,0.571536401266131,332,mpnet,run_002
10,7,50,0.6378846728413504,0.3497890747512275,0.5580715850986121,338,mpnet,run_002
10,10,50,0.6346852300242131,0.3468637513194584,0.593718042366691,334,mpnet,run_002
10,12,10,0.5884208573019113,0.3365625061364691,0.6484051619186755,546,mpnet,run_002
10,12,20,0.6013602457218078,0.3409694931298944,0.5991234477720965,460,mpnet,run_002
10,12,30,0.6076710955126599,0.3435604297874142,0.5666423179936694,402,mpnet,run_002
10,12,40,0.6200440528634361,0.3465768662947616,0.5748478207937667,366,mpnet,run_002
10,12,50,0.6311931984755204,0.3489843522829003,0.5641100560019479,344,mpnet,run_002
10,15,50,0.6357798165137615,0.3482956107505248,0.5756756756756757,329,mpnet,run_002
15,5,50,0.6522399392558846,0.3519632169409065,0.5560262965668371,264,mpnet,run_002
15,7,50,0.6562027231467473,0.3551505638886461,0.5535670805941076,265,mpnet,run_002
15,10,50,0.6573720397249809,0.3540413949086251,0.5634526418310202,262,mpnet,run_002
15,12,10,0.6202860858257477,0.3421981621079414,0.6397857316776235,387,mpnet,run_002
15,12,20,0.6325120192307693,0.3456924941630825,0.5877039201363525,334,mpnet,run_002
15,12,30,0.6341137123745819,0.3491197381399587,0.5735329924519114,300,mpnet,run_002
15,12,40,0.6454054054054054,0.3544246492256017,0.5694911127343559,278,mpnet,run_002
15,12,50,0.6705882352941176,0.3541972083336503,0.6113221329437546,238,mpnet,run_002
15,15,50,0.6705636743215031,0.356250522067766,0.6036766496225956,240,mpnet,run_002
20,5,50,0.6645193260654113,0.3628460088999127,0.609690771852934,202,mpnet,run_002
20,7,50,0.666826923076923,0.3585452311569767,0.5894570245921598,208,mpnet,run_002
50,10,30,0.6963636363636364,0.3864945011720103,0.6105673240808376,110,mpnet,run_002
50,10,40,0.7081818181818181,0.3890624610857566,0.6022400779157536,110,mpnet,run_002
50,10,50,0.7036363636363636,0.3911249422922926,0.5917944971999026,110,mpnet,run_002
50,12,10,0.6706349206349206,0.3884105312126422,0.612490869247626,126,mpnet,run_002
50,12,20,0.6887931034482758,0.3897838249457409,0.6192841490138787,116,mpnet,run_002
50,12,30,0.6981651376146789,0.380073820226018,0.6365717068419771,109,mpnet,run_002
50,12,40,0.7009174311926606,0.3828387155704485,0.6079133187241296,109,mpnet,run_002
50,12,50,0.7166666666666667,0.3930035100241456,0.6346725103481861,96,mpnet,run_002
50,15,10,0.6856,0.3825153803980793,0.6374482590698807,125,mpnet,run_002
50,15,20,0.6921739130434783,0.3920482721818191,0.6084246408570733,115,mpnet,run_002
50,15,30,0.691743119266055,0.3890310032441173,0.6233503774044314,109,mpnet,run_002
50,15,40,0.7074074074074074,0.3851017147990728,0.6144874604334064,108,mpnet,run_002
50,15,50,0.6953703703703704,0.3974010890449638,0.5960798636474313,108,mpnet,run_002
20,10,50,0.6828681424446583,0.3578510273450771,0.5974677380082786,208,mpnet,run_002
20,12,10,0.6321683067526298,0.3533838643055573,0.6340150961772584,295,mpnet,run_002
20,12,20,0.6691056910569105,0.35407505339867,0.6324567811054298,246,mpnet,run_002
20,12,30,0.6687416629613161,0.3597162718292971,0.6125882639396153,225,mpnet,run_002
20,12,40,0.669601482854495,0.3607685882420203,0.5933771609447285,216,mpnet,run_002
20,12,50,0.6784313725490196,0.358055099041057,0.604017531044558,204,mpnet,run_002
20,15,50,0.678007889546351,0.363947464042912,0.5944241538836134,203,mpnet,run_002
25,5,50,0.6787878787878788,0.3672781921524043,0.5977842707572437,165,mpnet,run_002
25,7,50,0.6807017543859649,0.3703636128942591,0.5902848794740687,171,mpnet,run_002
25,10,50,0.6817647058823529,0.3653347108111272,0.5915510104699294,170,mpnet,run_002
25,12,10,0.6582558654271802,0.3585780248790189,0.658436815193572,226,mpnet,run_002
25,12,20,0.6730769230769231,0.3665564529561828,0.6215485756026297,203,mpnet,run_002
25,12,30,0.6812134113890367,0.3635112229790788,0.609763817871926,188,mpnet,run_002
25,12,40,0.6728665207877462,0.3662612411697311,0.5935476016557097,183,mpnet,run_002
25,12,50,0.6792899408284023,0.36414267252182,0.5952520087655223,169,mpnet,run_002
25,15,50,0.6792899408284023,0.3665661227145654,0.5823715607499391,169,mpnet,run_002
30,5,50,0.6785234899328859,0.3750996780392908,0.5995860725590455,149,mpnet,run_002
30,7,50,0.6842465753424658,0.3779647342939044,0.5972485999513026,146,mpnet,run_002
30,10,50,0.6716216216216216,0.3738460809381331,0.5921110299488678,148,mpnet,run_002
30,12,10,0.6670212765957447,0.3694609952902499,0.6440467494521549,188,mpnet,run_002
30,12,20,0.6734104046242775,0.3686676327711846,0.6161918675432189,173,mpnet,run_002
30,12,30,0.6777777777777778,0.3699693340319456,0.6057706355003653,162,mpnet,run_002
30,12,40,0.6636363636363637,0.3805089587911978,0.6010713416118821,154,mpnet,run_002
30,12,50,0.6736111111111112,0.372947924106296,0.6060141222303385,144,mpnet,run_002
30,15,50,0.6873333333333334,0.372830754017709,0.5927684441197955,150,mpnet,run_002
35,5,50,0.6801526717557251,0.3838503165070925,0.5967129291453616,131,mpnet,run_002
35,7,50,0.676923076923077,0.3782039448508412,0.6032627221816411,130,mpnet,run_002
35,10,50,0.6753731343283582,0.3831988669687245,0.5952763574385196,134,mpnet,run_002
35,12,10,0.6674846625766871,0.373771812505502,0.6493791088385683,163,mpnet,run_002
35,12,20,0.6638157894736842,0.3761043314994159,0.6093011930849769,152,mpnet,run_002
35,12,30,0.6764285714285714,0.373888956665027,0.6084733382030679,140,mpnet,run_002
35,12,40,0.6744525547445256,0.3793761394186693,0.5969807645483322,137,mpnet,run_002
35,12,50,0.68515625,0.3750695815214355,0.6072315558802045,128,mpnet,run_002
35,15,50,0.6806201550387597,0.382561598135346,0.6017287557828098,129,mpnet,run_002
40,5,50,0.682258064516129,0.3829178522272377,0.5950328707085464,124,mpnet,run_002
40,7,50,0.6941176470588235,0.3797642745460938,0.6023618212807402,119,mpnet,run_002
40,10,50,0.6892561983471074,0.3860996509666521,0.5932067202337472,121,mpnet,run_002
40,12,10,0.662987012987013,0.375192058156392,0.6247382517652788,154,mpnet,run_002
40,12,20,0.6664233576642336,0.376069968874468,0.6101777453128805,137,mpnet,run_002
40,12,30,0.6849206349206349,0.3769238701081374,0.6161431701972242,126,mpnet,run_002
40,12,40,0.6856,0.3727975139620707,0.6001217433649866,125,mpnet,run_002
40,12,50,0.7008403361344537,0.3802871787884118,0.6081081081081081,119,mpnet,run_002
40,15,50,0.6890756302521008,0.3908751144853881,0.5962746530314098,119,mpnet,run_002
45,5,10,0.6751824817518248,0.3791171947567834,0.6274166057949842,137,mpnet,run_002
45,5,20,0.6772727272727272,0.3811206831674575,0.6016800584368152,132,mpnet,run_002
45,5,30,0.6915966386554622,0.3916879167819378,0.6187484782079377,119,mpnet,run_002
45,5,40,0.6870689655172414,0.3906453895859877,0.6111760409057706,116,mpnet,run_002
45,5,50,0.6860869565217391,0.3830927028020396,0.6008278548819089,115,mpnet,run_002
45,7,10,0.6723880597014925,0.3816253029790195,0.6302410518626734,134,mpnet,run_002
45,7,20,0.6792,0.3854996072863751,0.617409301193085,125,mpnet,run_002
45,7,30,0.6834710743801653,0.3827402851434988,0.6254930606281958,121,mpnet,run_002
45,7,40,0.6974137931034483,0.382360705068158,0.6141222303384466,116,mpnet,run_002
45,7,50,0.6947368421052632,0.3875480232765167,0.597735573411249,114,mpnet,run_002
45,10,10,0.677536231884058,0.3780973172589669,0.6155831507182858,138,mpnet,run_002
45,10,20,0.690983606557377,0.3770980931109225,0.620209398587777,122,mpnet,run_002
45,10,30,0.6916666666666667,0.3791695340872317,0.6100560019478939,120,mpnet,run_002
45,10,40,0.694017094017094,0.3824815285933933,0.6046018991964938,117,mpnet,run_002
45,10,50,0.6895652173913044,0.3888580667210939,0.5905283662040419,115,mpnet,run_002
45,12,10,0.6703703703703704,0.3782311794841617,0.6405161918675433,135,mpnet,run_002
45,12,20,0.684251968503937,0.3747198920049117,0.6158753347942537,127,mpnet,run_002
45,12,30,0.6882352941176471,0.3858497273370743,0.6206233260287314,119,mpnet,run_002
45,12,40,0.6893442622950819,0.378400822053172,0.6001217433649866,122,mpnet,run_002
45,12,50,0.694017094017094,0.3855168071352712,0.5995130265400536,117,mpnet,run_002
45,15,10,0.673049645390071,0.3768744786792324,0.6121986851716581,141,mpnet,run_002
45,15,20,0.676984126984127,0.3805276722308712,0.6019478938397858,126,mpnet,run_002
45,15,30,0.687603305785124,0.3794021275438641,0.6019478938397858,121,mpnet,run_002
45,15,40,0.6939655172413793,0.3794208653311289,0.6094959824689554,116,mpnet,run_002
45,15,50,0.6843478260869565,0.3942269761252545,0.5923301680058437,115,mpnet,run_002
50,5,10,0.6785714285714286,0.3831275981687755,0.6161675188702216,126,mpnet,run_002
50,5,20,0.6908333333333333,0.3886127686091807,0.6057219381543706,120,mpnet,run_002
50,5,30,0.7017543859649122,0.3907013477521514,0.6114682249817385,114,mpnet,run_002
50,5,40,0.6954545454545454,0.3942156204038143,0.6161431701972242,110,mpnet,run_002
50,5,50,0.6866071428571429,0.3849605330079934,0.5985877769661554,112,mpnet,run_002
50,7,10,0.6844262295081968,0.382135042170613,0.6352081811541271,122,mpnet,run_002
50,7,20,0.692436974789916,0.3903811970374959,0.6173119065010957,119,mpnet,run_002
50,7,30,0.6850877192982456,0.3859927105422726,0.6165570976381787,114,mpnet,run_002
50,7,40,0.7055045871559633,0.3873438419212904,0.6122717311906501,109,mpnet,run_002
50,7,50,0.6954545454545454,0.3903869964322121,0.5925493060628195,110,mpnet,run_002
50,10,10,0.6782258064516129,0.3876307329556564,0.6183102020939859,124,mpnet,run_002
50,10,20,0.7043103448275863,0.3833404340297964,0.6148526905283662,116,mpnet,run_002
10,5,50,0.6849397590361446,0.3510976723616396,0.6617482347212077,334,robbert,run_002
10,7,50,0.675153643546971,0.3550993279087011,0.6365717068419771,344,robbert,run_002
10,10,50,0.6804062126642771,0.3555325947987798,0.6571950328707086,336,robbert,run_002
10,12,10,0.6288158662259382,0.3361389484478906,0.7000973946919893,517,robbert,run_002
10,12,20,0.6582278481012658,0.3468537104694908,0.6686876065254443,438,robbert,run_002
10,12,30,0.6674615792262851,0.3499579484198328,0.66109082055028,380,robbert,run_002
10,12,40,0.6876980697205416,0.3510212136731085,0.6622839055271488,349,robbert,run_002
10,12,50,0.6647162083089526,0.3556976015415291,0.6532505478451425,344,robbert,run_002
10,15,50,0.6899732222552811,0.3480115775879216,0.6632335037740443,337,robbert,run_002
15,5,50,0.699609375,0.362279315528822,0.6544923301680059,256,robbert,run_002
15,7,50,0.6826415094339623,0.3607445479090004,0.6379595812028245,265,robbert,run_002
15,10,50,0.6998043052837574,0.3636595733511196,0.663282201120039,256,robbert,run_002
15,12,10,0.6729229919955838,0.347155789842547,0.7327246165084003,363,robbert,run_002
15,12,20,0.6869421487603306,0.3552660712679016,0.6807888970051132,303,robbert,run_002
15,12,30,0.6845516744688512,0.3579672713552637,0.7011687363038714,278,robbert,run_002
15,12,40,0.6823988644428672,0.3582459825646736,0.6477233990747504,282,robbert,run_002
15,12,50,0.6875968992248062,0.36180075082232,0.6451180910640371,258,robbert,run_002
15,15,50,0.7015503875968992,0.359990411895244,0.664572680788897,258,robbert,run_002
20,5,50,0.6856521739130435,0.3666112786520758,0.6341124908692476,230,robbert,run_002
20,7,50,0.6991031390134529,0.3611029421797417,0.6561236912588264,223,robbert,run_002
50,10,30,0.7048387096774194,0.3931714209909904,0.6682980277574873,124,robbert,run_002
50,10,40,0.7,0.38962862487243,0.6616508400292184,123,robbert,run_002
50,10,50,0.7016393442622951,0.3899587763153385,0.6501582663744826,122,robbert,run_002
50,12,10,0.6935251798561151,0.387018460497786,0.7003165327489652,139,robbert,run_002
50,12,20,0.6971428571428572,0.3852187367331697,0.6551253956659362,140,robbert,run_002
50,12,30,0.6938931297709924,0.3875146154512188,0.6377891404918432,131,robbert,run_002
50,12,40,0.6926229508196722,0.3907961310422296,0.6631604577550524,122,robbert,run_002
50,12,50,0.7,0.3917713217842173,0.6112247382517653,127,robbert,run_002
50,15,10,0.6945578231292517,0.3853130447239184,0.6895057219381544,147,robbert,run_002
50,15,20,0.7059701492537314,0.3864487104750858,0.6678354029705381,134,robbert,run_002
50,15,30,0.696875,0.3890085447264957,0.6668127587046506,128,robbert,run_002
50,15,40,0.6941176470588235,0.389160783341677,0.6677380082785488,119,robbert,run_002
50,15,50,0.6959677419354838,0.395902812844479,0.6091064037009983,124,robbert,run_002
20,10,50,0.704954954954955,0.3612620616533663,0.6600681762843925,222,robbert,run_002
20,12,10,0.6871080139372823,0.3529947614450182,0.739590942293645,287,robbert,run_002
20,12,20,0.6996124031007752,0.3621685371390954,0.6982468955441928,258,robbert,run_002
20,12,30,0.6935142009325985,0.3633363942456133,0.6833211589968347,236,robbert,run_002
20,12,40,0.693939393939394,0.3613576557548416,0.6611151692232773,231,robbert,run_002
20,12,50,0.685378590078329,0.3650497189031355,0.645799853907962,230,robbert,run_002
20,15,50,0.7035555555555556,0.3633975974056875,0.6511809106403701,225,robbert,run_002
25,5,50,0.69377990430622,0.3695867599804975,0.6462868273679084,209,robbert,run_002
25,7,50,0.7127450980392157,0.3611377431886976,0.6642561480399318,204,robbert,run_002
25,10,50,0.7148514851485148,0.3633842895578832,0.651473094716338,202,robbert,run_002
25,12,10,0.6864406779661016,0.3592296956105182,0.7463598733869005,236,robbert,run_002
25,12,20,0.6933333333333334,0.3669610899593464,0.6851473094716338,225,robbert,run_002
25,12,30,0.6985645933014354,0.3687630324311126,0.6850255661066472,209,robbert,run_002
25,12,40,0.7072115384615385,0.3655149931459918,0.6549793036279523,208,robbert,run_002
25,12,50,0.7133004926108374,0.3650453882752578,0.6532748965181397,203,robbert,run_002
25,15,50,0.7174129353233831,0.3661852542093264,0.6634769905040175,201,robbert,run_002
30,5,50,0.7,0.3725176684344572,0.6496956415875335,186,robbert,run_002
30,7,50,0.7119565217391305,0.3668649391765732,0.665936206476747,184,robbert,run_002
30,10,50,0.7192513368983957,0.3706570011057231,0.6442902361821281,187,robbert,run_002
30,12,10,0.6940092165898617,0.3619050093042182,0.7329924519113709,217,robbert,run_002
30,12,20,0.6985,0.3693843286620649,0.7030192354516679,200,robbert,run_002
30,12,30,0.704040404040404,0.3696832522318483,0.677136596055515,198,robbert,run_002
30,12,40,0.6963541666666667,0.3735302891058252,0.653518383248113,192,robbert,run_002
30,12,50,0.7101063829787234,0.3702901407739566,0.6367421475529583,188,robbert,run_002
30,15,50,0.7121693121693121,0.3675664989709429,0.6453372291210129,189,robbert,run_002
35,5,50,0.6875,0.3814401942695059,0.6256878500121743,168,robbert,run_002
35,7,50,0.6951515151515152,0.3720463846236386,0.6449963476990505,165,robbert,run_002
35,10,50,0.7137724550898203,0.375757195082113,0.6279035792549306,167,robbert,run_002
35,12,10,0.6945273631840796,0.3663193533444248,0.7232529827124422,201,robbert,run_002
35,12,20,0.6989189189189189,0.3762743583359232,0.6957146335524714,185,robbert,run_002
35,12,30,0.6947674418604651,0.3822778395661995,0.6547358168979791,172,robbert,run_002
35,12,40,0.7012269938650306,0.3752247842488149,0.6596785975164353,163,robbert,run_002
35,12,50,0.7086956521739131,0.3778555889647088,0.6350133917701485,161,robbert,run_002
35,15,50,0.7042424242424242,0.3733048661169958,0.6447772096420745,165,robbert,run_002
40,5,50,0.6993421052631579,0.3876196431837398,0.6216703189676163,152,robbert,run_002
40,7,50,0.7033333333333334,0.3799379201455529,0.6379108838568298,150,robbert,run_002
40,10,50,0.704225352112676,0.3837157496753499,0.6587289992695398,142,robbert,run_002
40,12,10,0.7022988505747126,0.3762994131668498,0.7137570002434868,174,robbert,run_002
40,12,20,0.6987730061349693,0.3801339886087358,0.6896031166301436,163,robbert,run_002
40,12,30,0.6928104575163399,0.3885572030606977,0.6710494278061846,153,robbert,run_002
40,12,40,0.6959459459459459,0.3853616318278212,0.6476260043827612,148,robbert,run_002
40,12,50,0.7035211267605633,0.3849605621975117,0.6551740930119309,142,robbert,run_002
40,15,50,0.7006802721088435,0.3842316768446159,0.631263696128561,147,robbert,run_002
45,5,10,0.69,0.3855397600957475,0.6964694424153883,160,robbert,run_002
45,5,20,0.7,0.3835895419696406,0.6829315802288776,153,robbert,run_002
45,5,30,0.6950704225352112,0.3874684975749967,0.6722425127830534,142,robbert,run_002
45,5,40,0.6929078014184397,0.3852931515733139,0.6401509617725833,141,robbert,run_002
45,5,50,0.6992805755395683,0.388834245034474,0.61400048697346,139,robbert,run_002
45,7,10,0.7095541401273885,0.3790333454227152,0.7224007791575359,157,robbert,run_002
45,7,20,0.7072847682119205,0.3867638432223638,0.6928414901387875,151,robbert,run_002
45,7,30,0.6932432432432433,0.3845339554639848,0.626491356221086,148,robbert,run_002
45,7,40,0.6962962962962963,0.3879164328733292,0.6689797906014122,135,robbert,run_002
45,7,50,0.7007194244604317,0.3855086753910162,0.6044071098125152,139,robbert,run_002
45,10,10,0.7006211180124223,0.3815311050522951,0.7098368638909179,161,robbert,run_002
45,10,20,0.704,0.3858866368364299,0.6819576333089846,150,robbert,run_002
45,10,30,0.7006849315068493,0.3904299243260439,0.6321645970294619,146,robbert,run_002
45,10,40,0.6924812030075188,0.3953485345101553,0.6683223764304845,133,robbert,run_002
45,10,50,0.706766917293233,0.3880205143575725,0.651473094716338,133,robbert,run_002
45,12,10,0.7,0.3852082441857015,0.7021913805697589,159,robbert,run_002
45,12,20,0.6980263157894737,0.3855484470689481,0.6854151448746043,152,robbert,run_002
45,12,30,0.6914893617021277,0.3923516129843288,0.6486486486486487,141,robbert,run_002
45,12,40,0.693984962406015,0.3916325509740843,0.6664475286096908,133,robbert,run_002
45,12,50,0.6984848484848485,0.3918682134045076,0.6487703920136353,132,robbert,run_002
45,15,10,0.688957055214724,0.3819715769110383,0.704309715120526,163,robbert,run_002
45,15,20,0.7013422818791947,0.3842720728137763,0.6752860969077186,149,robbert,run_002
45,15,30,0.6979310344827586,0.3824803293376002,0.6467494521548576,145,robbert,run_002
45,15,40,0.6992592592592592,0.3817812203149192,0.6655709763817872,135,robbert,run_002
45,15,50,0.7,0.3930191117593442,0.6547601655709764,131,robbert,run_002
50,5,10,0.695364238410596,0.3889279156827837,0.6902118334550768,151,robbert,run_002
50,5,20,0.7028368794326241,0.386527801307493,0.6652057462868274,141,robbert,run_002
50,5,30,0.6992537313432836,0.3905867558765015,0.6370586803019236,134,robbert,run_002
50,5,40,0.6935483870967742,0.3880218995906163,0.6750913075237399,124,robbert,run_002
50,5,50,0.7,0.3916820111776664,0.6045532018504991,129,robbert,run_002
50,7,10,0.6992857142857143,0.3821534549538484,0.7086681275870466,140,robbert,run_002
50,7,20,0.7050724637681159,0.3901548930208536,0.6608960311663015,138,robbert,run_002
50,7,30,0.7053846153846154,0.3916322491065996,0.6584855125395666,130,robbert,run_002
50,7,40,0.7,0.391984441053446,0.6620647674701728,125,robbert,run_002
50,7,50,0.7032,0.3903707584524706,0.6150474799123448,125,robbert,run_002
50,10,10,0.6992753623188406,0.3895539837807741,0.7188945702459216,138,robbert,run_002
50,10,20,0.7102189781021898,0.3860097244793423,0.6700511322132944,137,robbert,run_002
