min_cluster_size,n_components,n_neighbors,diversity_score,c_v_score,npmi,doc_assignment_pct,number_of_topics,model_name,run_id,chunk_id
10,5,10,0.5836765256458255,0.3719735741235568,-0.163592808824302,0.6438032627221817,539,qwen3,run_001,0
10,5,20,0.6034324942791762,0.3777734435400098,-0.1456811001954185,0.5942293644996348,444,qwen3,run_001,0
10,5,30,0.6168881939014855,0.3828596110832898,-0.1368969426840037,0.5962746530314098,389,qwen3,run_001,0
10,5,40,0.6304225352112676,0.3903356148585523,-0.1317892409534158,0.5650109569028487,360,qwen3,run_001,0
10,5,50,0.6366322008862629,0.3893406078808279,-0.1243713471446922,0.5541027514000487,341,qwen3,run_001,0
10,7,10,0.5811997757428518,0.3738496505958006,-0.1634272438865693,0.6451180910640371,540,qwen3,run_001,0
10,7,20,0.6010339402112834,0.3760200821319052,-0.145137330784336,0.5958120282444607,450,qwen3,run_001,0
10,7,30,0.608616662341033,0.384937512826933,-0.1321752442191261,0.5889213537862187,389,qwen3,run_001,0
10,7,40,0.6285091305532843,0.387043951382219,-0.1362494854208229,0.5712685658631604,370,qwen3,run_001,0
10,7,50,0.6300082895827577,0.3837832694568351,-0.1358903716847768,0.5411249086924763,365,qwen3,run_001,0
10,10,10,0.5870859694826944,0.3714331209779739,-0.1621017407211638,0.6337959581202824,542,qwen3,run_001,1
10,10,20,0.598406747891284,0.3859608383631628,-0.1403559159922255,0.6156074993912832,433,qwen3,run_001,1
10,10,30,0.6172967374417401,0.3853419053334309,-0.1355901240777252,0.5863647431214999,390,qwen3,run_001,1
10,10,40,0.6256800870511425,0.3869331905382316,-0.1320509982782563,0.5634526418310202,372,qwen3,run_001,1
10,10,50,0.6253687315634219,0.3895942479470712,-0.1269293003308243,0.5497686876065254,343,qwen3,run_001,1
10,12,10,0.5842320565265898,0.3731489315761486,-0.1660873143586517,0.631190650109569,543,qwen3,run_001,1
10,12,20,0.6021505376344086,0.3794718870177018,-0.1473991994984095,0.5964694424153884,442,qwen3,run_001,1
10,12,30,0.6156951804188746,0.3842252527050933,-0.1368343405640998,0.5918188458728999,400,qwen3,run_001,1
10,12,40,0.6162918266593527,0.3834236503858577,-0.1318662449409623,0.5614073532992452,369,qwen3,run_001,1
10,12,50,0.6256776034236805,0.3854143852533782,-0.132660473218357,0.552154857560263,353,qwen3,run_001,1
10,15,10,0.5798849508257562,0.3727347643092122,-0.1631264603265923,0.629973216459703,545,qwen3,run_001,2
10,15,20,0.6004140786749482,0.3804701089303281,-0.1441491524953757,0.5922084246408571,441,qwen3,run_001,2
10,15,30,0.6186351706036746,0.3845902507730903,-0.1315527945225728,0.5765522279035793,385,qwen3,run_001,2
10,15,40,0.6287047200878156,0.3872890630203398,-0.1359480950994239,0.5682249817384952,367,qwen3,run_001,2
10,15,50,0.6329220415030847,0.3846625106541921,-0.1344369685319768,0.5381300219138057,360,qwen3,run_001,2
15,5,10,0.6178666666666667,0.3891017426069523,-0.1401587832143324,0.6376430484538592,377,qwen3,run_001,2
15,5,20,0.6319444444444444,0.3984702274197806,-0.118992820670123,0.5935719503287071,318,qwen3,run_001,2
15,5,30,0.641837800208841,0.4011651864562087,-0.1101548458453432,0.5933041149257365,288,qwen3,run_001,2
15,5,40,0.6382747372236317,0.4054595985504459,-0.1053378243310775,0.5617969320672024,276,qwen3,run_001,2
15,5,50,0.6538461538461539,0.4055946881170283,-0.1050956645157999,0.5705381056732408,258,qwen3,run_001,2
15,7,10,0.6202100482543287,0.399003589210064,-0.1299233041609158,0.6446798149500852,354,qwen3,run_001,3
15,7,20,0.6301710730948679,0.397375001659713,-0.1163541608074189,0.5949111273435598,323,qwen3,run_001,3
15,7,30,0.6370070778564206,0.4045877804001477,-0.1108695718395223,0.5705624543462381,298,qwen3,run_001,3
15,7,40,0.6387860843819393,0.403720085155247,-0.1055280904013187,0.580009739469199,271,qwen3,run_001,3
15,7,50,0.6456291650333202,0.4045021108406931,-0.1041449985572507,0.5695885074263453,256,qwen3,run_001,3
15,10,10,0.6281293952180028,0.3899690651378213,-0.1332577150674409,0.6462868273679084,357,qwen3,run_001,3
15,10,20,0.6221022546840267,0.4006669464654534,-0.1178973935825896,0.5928171414657901,316,qwen3,run_001,3
15,10,30,0.6354344122657581,0.403037529759263,-0.1053448425712022,0.58190893596299,295,qwen3,run_001,3
15,10,40,0.6425717399200872,0.4044865317635293,-0.1048454402624479,0.5753347942537131,276,qwen3,run_001,3
15,10,50,0.6511186954872962,0.404110664070385,-0.1061394586759146,0.557073289505722,265,qwen3,run_001,3
15,12,10,0.6257356875334403,0.3886740817630579,-0.1419770407139529,0.6269296323350377,376,qwen3,run_001,4
15,12,20,0.6318138348740835,0.3957170003924634,-0.1191175256151495,0.5988556123691259,315,qwen3,run_001,4
15,12,30,0.6401199600133289,0.4052128509094856,-0.110853299277277,0.5816654492330168,301,qwen3,run_001,4
15,12,40,0.6348084789884716,0.4025385093661678,-0.1028958099981122,0.5772583394205015,269,qwen3,run_001,4
15,12,50,0.6461658232775399,0.4057612351090128,-0.1009030059040286,0.5572193815437059,258,qwen3,run_001,4
15,15,10,0.6289677247265938,0.3919382279824731,-0.1410439995700124,0.6295836376917457,376,qwen3,run_001,4
15,15,20,0.6284646527561507,0.3978956884909615,-0.1180394243751546,0.5872656440224008,322,qwen3,run_001,4
15,15,30,0.641267700606878,0.4001451376480869,-0.1106170376154662,0.5683223764304846,298,qwen3,run_001,4
15,15,40,0.6424198775657184,0.3994899996956226,-0.1097846037238258,0.5496712929145362,278,qwen3,run_001,4
15,15,50,0.6467043314500942,0.4042521847008117,-0.1073877181869566,0.5571463355247139,266,qwen3,run_001,4
20,5,10,0.6322357019064124,0.4070498385240861,-0.1152139003566578,0.6283662040418797,289,qwen3,run_001,5
20,5,20,0.6394557823129252,0.4093238507666817,-0.103093433171511,0.5895057219381544,265,qwen3,run_001,5
20,5,30,0.6350210970464135,0.4114122382665865,-0.0924790488932557,0.5775992208424641,237,qwen3,run_001,5
20,5,40,0.6342342342342342,0.4217486864056167,-0.0832351593405318,0.5555393231068907,222,qwen3,run_001,5
20,5,50,0.6546795758414016,0.4189263127890092,-0.0881003211501179,0.5532505478451425,217,qwen3,run_001,5
20,7,10,0.6291130185979972,0.416544135825875,-0.1061665757428677,0.658290723155588,280,qwen3,run_001,5
20,7,20,0.6363290175171363,0.4106095353921238,-0.1005263473652836,0.5878987095203312,263,qwen3,run_001,5
20,7,30,0.6342105263157894,0.4164226232306932,-0.0841646368948938,0.5868030192354516,228,qwen3,run_001,5
20,7,40,0.6443946188340807,0.4173223651175948,-0.0840677213634396,0.5628439250060872,223,qwen3,run_001,5
20,7,50,0.6474885844748859,0.422065465003293,-0.0837783266100612,0.5439250060871682,219,qwen3,run_001,5
20,10,10,0.634438955539873,0.4085352410901252,-0.1107592302928672,0.6384709033357682,284,qwen3,run_001,6
20,10,20,0.6320279177975959,0.4179100979265561,-0.0949405986191443,0.5859751643535427,259,qwen3,run_001,6
20,10,30,0.6543958423559982,0.4162717711217322,-0.0896853315187724,0.5894570245921598,231,qwen3,run_001,6
20,10,40,0.6437301946582163,0.4168400493919417,-0.0844831240909937,0.5721207694180667,221,qwen3,run_001,6
20,10,50,0.6517527675276753,0.4154532276789645,-0.0903919289682473,0.5545897248599951,217,qwen3,run_001,6
20,12,10,0.6342151675485009,0.4119718062681882,-0.1090763710158115,0.6320915510104699,284,qwen3,run_001,6
20,12,20,0.643723113023074,0.4086179264596263,-0.1021596938699905,0.5823715607499391,256,qwen3,run_001,6
20,12,30,0.6478931998331248,0.4157839810316073,-0.0940284747870333,0.5630387143900657,240,qwen3,run_001,6
20,12,40,0.6523584905660378,0.4122631282995277,-0.0886068320851154,0.5969564158753348,212,qwen3,run_001,6
20,12,50,0.6512915129151291,0.4223405274036997,-0.0886131722987097,0.5477477477477477,217,qwen3,run_001,6
20,15,10,0.6375623663578047,0.4071665801850733,-0.1121672878038919,0.6346968590211833,281,qwen3,run_001,7
20,15,20,0.6340226297307843,0.4124834742102969,-0.096999660621644,0.5883126369612857,257,qwen3,run_001,7
20,15,30,0.647672901261418,0.4155975890963672,-0.0897649851054001,0.5721938154370587,230,qwen3,run_001,7
20,15,40,0.6462264150943396,0.4220993669894264,-0.0807602014761752,0.56518139761383,212,qwen3,run_001,7
20,15,50,0.6551724137931034,0.4167008488201212,-0.0899587543777437,0.551253956659362,215,qwen3,run_001,7
25,5,10,0.6396143029329048,0.4217012510733575,-0.1004643332143693,0.6203798392987582,249,qwen3,run_001,7
25,5,20,0.6384615384615384,0.4232248703236937,-0.0819466553443346,0.6015826637448259,221,qwen3,run_001,7
25,5,30,0.6365007541478129,0.4316318950847126,-0.070652374965463,0.5802532261991722,199,qwen3,run_001,7
25,5,40,0.653968253968254,0.4367329962782993,-0.0688230483058032,0.552690528366204,189,qwen3,run_001,7
25,5,50,0.6540983606557377,0.4354057997530453,-0.0654419639126293,0.5495252008765522,183,qwen3,run_001,7
25,7,10,0.6387043189368771,0.4227175050005427,-0.096476919572563,0.6288531775018261,241,qwen3,run_001,8
25,7,20,0.6429872495446266,0.4240788769580222,-0.0846780958797029,0.5847333820306794,220,qwen3,run_001,8
25,7,30,0.639,0.4325774341788355,-0.0691967915524452,0.574190406622839,200,qwen3,run_001,8
25,7,40,0.6517587939698493,0.428079657261826,-0.0729448366180083,0.5546140735329924,199,qwen3,run_001,8
25,7,50,0.659346545259775,0.4374892600849345,-0.0691413108948341,0.549963476990504,187,qwen3,run_001,8
25,10,10,0.6353820598006644,0.4231541342194665,-0.0956523758741504,0.6388117847577307,241,qwen3,run_001,8
25,10,20,0.6390697674418605,0.4314541619070976,-0.0782423201033554,0.5912588263939615,215,qwen3,run_001,8
25,10,30,0.6473761647866602,0.4245141942968747,-0.0733815271289167,0.5715607499391283,204,qwen3,run_001,8
25,10,40,0.6528795811518324,0.4301669776846769,-0.0728755762975297,0.5668858047236426,191,qwen3,run_001,8
25,10,50,0.6620320855614973,0.4292750652991969,-0.0717133243673933,0.5557341124908692,187,qwen3,run_001,8
25,12,10,0.6353322528363047,0.422530502597342,-0.097399211450963,0.6294375456537619,247,qwen3,run_001,9
25,12,20,0.6506137865911237,0.4293175654774021,-0.0843987771673592,0.5984660336011688,212,qwen3,run_001,9
25,12,30,0.6499756927564414,0.4270794180409043,-0.0770317207962953,0.5628926223520818,206,qwen3,run_001,9
25,12,40,0.6531578947368422,0.4293944713785814,-0.0740846848550418,0.557073289505722,190,qwen3,run_001,9
25,12,50,0.6620762711864406,0.4262228450267666,-0.0751624727853899,0.5453615777940102,189,qwen3,run_001,9
25,15,10,0.643687707641196,0.4199297229610524,-0.0976129193157287,0.6271244217190163,241,qwen3,run_001,9
25,15,20,0.6417840375586854,0.4268105448986977,-0.0816506406887236,0.5892135378621866,213,qwen3,run_001,9
25,15,30,0.6689473684210526,0.4256391826222362,-0.0747076866842052,0.5921110299488678,190,qwen3,run_001,9
25,15,40,0.6586021505376344,0.4325167886809352,-0.0716264234166595,0.5647674701728755,186,qwen3,run_001,9
25,15,50,0.6670299727520436,0.4264377776319547,-0.0760438436490503,0.5672997321645971,184,qwen3,run_001,9
30,5,10,0.6465183752417795,0.4347009252901443,-0.084692664719641,0.6241538836133431,207,qwen3,run_001,10
30,5,20,0.6430851063829788,0.4382742032540578,-0.0664203625397,0.6017044071098125,188,qwen3,run_001,10
30,5,30,0.6374301675977654,0.4469823563467738,-0.0553962765590783,0.5678841003165328,179,qwen3,run_001,10
30,5,40,0.6530491415038484,0.4427493509891873,-0.0573421965637764,0.5472120769418066,169,qwen3,run_001,10
30,5,50,0.6615194564546016,0.4447410218171691,-0.0532705262122894,0.5478938397857317,162,qwen3,run_001,10
30,7,10,0.6429933269780743,0.4338472143525204,-0.0779825245286425,0.6325785244704164,210,qwen3,run_001,10
30,7,20,0.64,0.4393357491747744,-0.0655635502021748,0.5809106403700999,195,qwen3,run_001,10
30,7,30,0.6430939226519337,0.4378955742898315,-0.0596838022799926,0.5720477233990747,181,qwen3,run_001,10
30,7,40,0.6469512195121951,0.4396120663006859,-0.0537394288244394,0.5621865108351595,164,qwen3,run_001,10
30,7,50,0.6644171779141105,0.4382932694824583,-0.0587443271728307,0.5541757974190407,163,qwen3,run_001,10
30,10,10,0.6359175662414132,0.4367889794956385,-0.0709070914327213,0.6179693206720234,204,qwen3,run_001,11
30,10,20,0.6466205428419372,0.4397205213178055,-0.0657415291971353,0.5829072315558802,188,qwen3,run_001,11
30,10,30,0.6527777777777778,0.43222284726763,-0.0649736840157916,0.5672266861456051,180,qwen3,run_001,11
30,10,40,0.6510791366906474,0.4419297431988364,-0.0574782852788541,0.5648405161918676,167,qwen3,run_001,11
30,10,50,0.6574850299401198,0.4417624738290125,-0.0589701025176161,0.5387874360847333,167,qwen3,run_001,11
30,12,10,0.6341107871720116,0.4338365582760654,-0.0724988220600001,0.6280496712929146,206,qwen3,run_001,11
30,12,20,0.6486631016042781,0.4358210475139317,-0.0645145779896002,0.5849525200876552,187,qwen3,run_001,11
30,12,30,0.6526315789473685,0.4391848877416153,-0.0600705332510668,0.5800827854881909,171,qwen3,run_001,11
30,12,40,0.6558704453441295,0.4340107196212552,-0.0635026604479235,0.5490869247626005,173,qwen3,run_001,11
30,12,50,0.6603550295857988,0.4413704712404255,-0.0638059991185136,0.5459946432919406,169,qwen3,run_001,11
30,15,10,0.6504065040650406,0.4384212092060213,-0.0740614725793759,0.6370343316289262,197,qwen3,run_001,12
30,15,20,0.6468085106382979,0.4372890315071472,-0.0695826061904813,0.5813976138300463,188,qwen3,run_001,12
30,15,30,0.6519774011299435,0.4344977976686513,-0.061812283106716,0.5680788897005113,177,qwen3,run_001,12
30,15,40,0.6614077669902912,0.4390973858547293,-0.0600625236387087,0.5612369125882639,165,qwen3,run_001,12
30,15,50,0.6607361963190184,0.4426784738759891,-0.0580429042142763,0.537399561723886,163,qwen3,run_001,12
35,5,10,0.6419889502762431,0.4492509115181173,-0.0605997956889757,0.6324567811054298,181,qwen3,run_001,12
35,5,20,0.6452941176470588,0.4497412104026561,-0.0534981792886152,0.570781592403214,170,qwen3,run_001,12
35,5,30,0.6424129353233831,0.4450698232500046,-0.0505229173173038,0.5646457268078889,161,qwen3,run_001,12
35,5,40,0.6567741935483871,0.4470664841938663,-0.0513612691512207,0.5367421475529583,155,qwen3,run_001,12
35,5,50,0.6578581363004172,0.4534751869913324,-0.0427878312630797,0.5479425371317264,144,qwen3,run_001,12
35,7,10,0.6392045454545454,0.445643265049404,-0.0533132917338252,0.6178475773070368,176,qwen3,run_001,13
35,7,20,0.6456647398843931,0.4475252768462638,-0.0567656595244802,0.5746530314097882,173,qwen3,run_001,13
35,7,30,0.6466257668711657,0.4494479630218182,-0.0471769389693689,0.5661796932067202,163,qwen3,run_001,13
35,7,40,0.6564376250833889,0.4476511100767487,-0.0454689682066523,0.5523496469442415,150,qwen3,run_001,13
35,7,50,0.666887417218543,0.4459982919225609,-0.0501832364852504,0.5316776235695154,151,qwen3,run_001,13
35,10,10,0.6313186813186813,0.4480647767984778,-0.0563798522123297,0.6118578037496957,182,qwen3,run_001,13
35,10,20,0.6535714285714286,0.4468407769838344,-0.0535878178016585,0.5712442171901632,168,qwen3,run_001,13
35,10,30,0.6450617283950617,0.4431616409319981,-0.0532179303253305,0.5548088629169711,162,qwen3,run_001,13
35,10,40,0.6626666666666666,0.4461320790759141,-0.0508208456416382,0.5525687850012174,150,qwen3,run_001,13
35,10,50,0.6692307692307692,0.4509948821235746,-0.044659588686622,0.5508156805454103,143,qwen3,run_001,13
35,12,10,0.6392045454545454,0.4419496824206402,-0.0568849550113518,0.6191380569758949,176,qwen3,run_001,14
35,12,20,0.6455089820359281,0.4446632731102732,-0.0542809673714063,0.5733869004139275,167,qwen3,run_001,14
35,12,30,0.6557692307692308,0.4441006941650199,-0.0534866090321265,0.5681032383735086,156,qwen3,run_001,14
35,12,40,0.6535782140595313,0.4472641147274367,-0.0511728036054031,0.5404918431945459,158,qwen3,run_001,14
35,12,50,0.6655172413793103,0.4434788379925733,-0.0466969324937671,0.5690041392744095,145,qwen3,run_001,14
35,15,10,0.6415730337078651,0.4457499409532675,-0.0613297061136086,0.6105429754078403,178,qwen3,run_001,14
35,15,20,0.651875,0.4497977093231119,-0.053406207480873,0.5976381787192598,160,qwen3,run_001,14
35,15,30,0.6599511599511599,0.4399024199540828,-0.0587739254203282,0.5425127830533236,164,qwen3,run_001,14
35,15,40,0.6660130718954248,0.4461242481815469,-0.0511764013241342,0.552763574385196,153,qwen3,run_001,14
35,15,50,0.676595744680851,0.4562203840720677,-0.0429803515269389,0.5465790114438763,141,qwen3,run_001,14
40,5,10,0.6458598726114649,0.4548749153378311,-0.0443059776902803,0.6436328220112004,157,qwen3,run_001,15
40,5,20,0.6509677419354839,0.4551314355883773,-0.0451042811592618,0.5643535427319211,155,qwen3,run_001,15
40,5,30,0.6565517241379311,0.4533143445727004,-0.0388438523175615,0.5516922327733138,145,qwen3,run_001,15
40,5,40,0.6695035460992907,0.4547386245008695,-0.0384369481482266,0.5327489651813976,141,qwen3,run_001,15
40,5,50,0.6674242424242425,0.4570383088604682,-0.0363438240508661,0.522108595081568,132,qwen3,run_001,15
40,7,10,0.6471337579617834,0.4508518805570616,-0.0447215988320539,0.6275626978329681,157,qwen3,run_001,15
40,7,20,0.659375,0.4434771219186268,-0.0567155029163089,0.5699780861943025,160,qwen3,run_001,15
40,7,30,0.6503448275862069,0.4571340262939085,-0.0324589574399165,0.5614803993182371,145,qwen3,run_001,15
40,7,40,0.6607407407407407,0.4578205619339157,-0.0292198658998777,0.5405648892135378,135,qwen3,run_001,15
40,7,50,0.6815384615384615,0.4566802452525598,-0.0408773969485611,0.5379108838568298,130,qwen3,run_001,15
40,10,10,0.63875,0.4544057179736288,-0.0420893539034859,0.6138300462624787,160,qwen3,run_001,16
40,10,20,0.6466216216216216,0.4539882358624547,-0.0400107544919311,0.5655709763817872,148,qwen3,run_001,16
40,10,30,0.6627586206896552,0.4487301442450413,-0.0431532677459127,0.5455563671779888,145,qwen3,run_001,16
40,10,40,0.6657142857142857,0.4522581329761684,-0.0385702703965142,0.5381787192598003,140,qwen3,run_001,16
40,10,50,0.6774436090225564,0.4567696376498696,-0.0350688922695536,0.5272948624299976,133,qwen3,run_001,16
40,12,10,0.6518987341772152,0.4546306873745283,-0.0422436219349442,0.6325054784514244,158,qwen3,run_001,16
40,12,20,0.6633333333333333,0.4490946221118768,-0.0460942116473599,0.5645239834429023,150,qwen3,run_001,16
40,12,30,0.6695035460992907,0.4570437251669557,-0.0359600390190919,0.5539323106890675,141,qwen3,run_001,16
40,12,40,0.6589928057553956,0.4600216683591414,-0.0296751950690163,0.5364743121499879,139,qwen3,run_001,16
40,12,50,0.6786259541984733,0.4568052937020189,-0.0362600048957995,0.52936449963477,131,qwen3,run_001,16
40,15,10,0.6575949367088607,0.4574503908703647,-0.0418407465185935,0.6160701241782323,158,qwen3,run_001,17
40,15,20,0.6496644295302013,0.4520319607091961,-0.0446162984093188,0.5647431214998783,149,qwen3,run_001,17
40,15,30,0.6591549295774648,0.4465753867396744,-0.0439531530275877,0.5841246652057462,142,qwen3,run_001,17
40,15,40,0.6601503759398496,0.4583308331199359,-0.0318668270772636,0.5425614803993183,133,qwen3,run_001,17
40,15,50,0.6763779527559055,0.4606687124356265,-0.0319333359292707,0.5388848307767227,127,qwen3,run_001,17
45,5,10,0.6560810810810811,0.452394474771825,-0.0426791044859091,0.630508887265644,148,qwen3,run_001,17
45,5,20,0.6565517241379311,0.454056595716442,-0.043337877712937,0.5439006574141709,145,qwen3,run_001,17
45,5,30,0.6686567164179105,0.4641685432118879,-0.0315648072790331,0.5454833211589968,134,qwen3,run_001,17
45,5,40,0.667741935483871,0.4683559123157249,-0.0204667797601626,0.5454346238130022,124,qwen3,run_001,17
45,5,50,0.6721739130434783,0.4661072271516853,-0.0264543323260688,0.5539566593620647,115,qwen3,run_001,17
45,7,10,0.6534722222222222,0.4530577735344729,-0.0391526994832987,0.6171414657901144,144,qwen3,run_001,18
45,7,20,0.6581560283687943,0.4516281085614154,-0.0415062848229395,0.5494521548575603,141,qwen3,run_001,18
45,7,30,0.673134328358209,0.465607578898675,-0.0289553344122651,0.5508887265644022,134,qwen3,run_001,18
45,7,40,0.6622047244094488,0.4651045919808092,-0.0215132345397944,0.5383248112977843,127,qwen3,run_001,18
45,7,50,0.6836065573770492,0.4607323173937959,-0.0338109150458337,0.5350620891161432,122,qwen3,run_001,18
45,10,10,0.6601398601398601,0.4614978004257686,-0.035960859116924,0.6357195032870708,143,qwen3,run_001,18
45,10,20,0.6482517482517482,0.4587979613954215,-0.0314521579524117,0.552154857560263,143,qwen3,run_001,18
45,10,30,0.65859375,0.4667235854182995,-0.0261394817525549,0.5497930362795228,128,qwen3,run_001,18
45,10,40,0.6772357723577236,0.4593030682309242,-0.0365893868206001,0.5465790114438763,123,qwen3,run_001,18
45,10,50,0.6808333333333333,0.4624816835916177,-0.0302611704305112,0.5251765278792306,120,qwen3,run_001,18
45,12,10,0.6586666666666666,0.4513603856328056,-0.0415912052298793,0.6179449719990261,150,qwen3,run_001,19
45,12,20,0.6684210526315789,0.461706425094408,-0.0301602962530769,0.5627952276600925,133,qwen3,run_001,19
45,12,30,0.6765625,0.4614961746274073,-0.0273289074026493,0.5492086681275871,128,qwen3,run_001,19
45,12,40,0.6701612903225806,0.4653064563894824,-0.0256594262351651,0.5375943511078646,124,qwen3,run_001,19
45,12,50,0.6858333333333333,0.4702207836357566,-0.0266510984174056,0.5287070854638423,120,qwen3,run_001,19
45,15,10,0.6469387755102041,0.4509757062077952,-0.0391508352507113,0.604236669101534,147,qwen3,run_001,19
45,15,20,0.650375939849624,0.4606104794679712,-0.0272280053493473,0.5670318967616265,133,qwen3,run_001,19
45,15,30,0.6732283464566929,0.4586207764092216,-0.0288119405939901,0.5774287801314828,127,qwen3,run_001,19
45,15,40,0.6607692307692308,0.4564782242476395,-0.0328932864493157,0.5215242269296323,130,qwen3,run_001,19
45,15,50,0.6847457627118644,0.4738247771963705,-0.0226795217231523,0.5318480642804967,118,qwen3,run_001,19
50,5,10,0.649264705882353,0.4625852118906692,-0.0316874161976809,0.618845872899927,136,qwen3,run_001,20
50,5,20,0.6637795275590551,0.4742579866270403,-0.0233971044876969,0.5520331141952763,127,qwen3,run_001,20
50,5,30,0.671311475409836,0.4725625355410269,-0.0203898290101271,0.5432432432432432,122,qwen3,run_001,20
50,5,40,0.6745762711864407,0.4673223838223903,-0.0238833770822421,0.5193571950328707,118,qwen3,run_001,20
50,5,50,0.671,0.4756970266244098,-0.0150558517102534,0.5720233747260774,100,qwen3,run_001,20
50,7,10,0.6482014388489209,0.458597382047545,-0.0362076837175421,0.6027514000486973,139,qwen3,run_001,20
50,7,20,0.6744,0.4585901596750618,-0.0375540928203053,0.5757487216946676,125,qwen3,run_001,20
50,7,30,0.68,0.4674426746932634,-0.0238509855838982,0.5478207937667398,120,qwen3,run_001,20
50,7,40,0.6846846846846847,0.4683036808443488,-0.0199641932437347,0.5620160701241782,111,qwen3,run_001,20
50,7,50,0.6792452830188679,0.4723955200240717,-0.0158700607049673,0.5447528609690772,106,qwen3,run_001,20
50,10,10,0.6518796992481203,0.4605993628631161,-0.0307776355849391,0.6128560993425858,133,qwen3,run_001,21
50,10,20,0.6666666666666666,0.4676508235382136,-0.0239126067246801,0.5573654735816898,126,qwen3,run_001,21
50,10,30,0.6712,0.4686631401053456,-0.0278037146904663,0.5252252252252252,125,qwen3,run_001,21
50,10,40,0.6831932773109244,0.4657858517324724,-0.0280536702707501,0.5406622839055272,119,qwen3,run_001,21
50,10,50,0.69009009009009,0.4640335815074542,-0.0331082710548347,0.5245434623813002,111,qwen3,run_001,21
50,12,10,0.6425373134328358,0.4569652265245096,-0.0297359051533721,0.6033601168736303,134,qwen3,run_001,21
50,12,20,0.6733333333333333,0.4733913364906198,-0.022295727127767,0.5773800827854881,120,qwen3,run_001,21
50,12,30,0.6882352941176471,0.4617384941699132,-0.026691614937367,0.5474312149987826,119,qwen3,run_001,21
50,12,40,0.6743362831858407,0.4754765149267789,-0.0199102326131966,0.5470416362308255,113,qwen3,run_001,21
50,12,50,0.6778761061946903,0.4719508643828332,-0.0267946117635507,0.5108838568298028,113,qwen3,run_001,21
50,15,10,0.6559701492537313,0.4606569026083287,-0.030238834169598,0.5919405892378865,134,qwen3,run_001,22
50,15,20,0.6596774193548387,0.4715389660851414,-0.0168412055796985,0.5562210859508157,124,qwen3,run_001,22
50,15,30,0.67,0.4659356193838959,-0.0275203709632461,0.5625760896031167,120,qwen3,run_001,22
50,15,40,0.6825688073394496,0.4666286941490997,-0.0283477368686869,0.5648405161918676,109,qwen3,run_001,22
50,15,50,0.6867256637168142,0.4789315600414459,-0.0243022663912556,0.5237886535183832,113,qwen3,run_001,22
10,5,10,0.6283011430823807,0.369906140612516,-0.1603054140242321,0.7046749452154858,512,robbert,run_001,0
10,5,20,0.6630513376717281,0.3860922076584125,-0.1383814074050625,0.6822498173849525,418,robbert,run_001,0
10,5,30,0.6685655100983946,0.3906401458660288,-0.1358407542761594,0.6682736790844899,390,robbert,run_001,0
10,5,40,0.678724010253489,0.3971798512455273,-0.1209720659530713,0.6725103481860238,354,robbert,run_001,0
10,5,50,0.6869539017776438,0.3912559527054451,-0.1275480530770075,0.6617482347212077,334,robbert,run_001,0
10,7,10,0.6261808367071525,0.3694816644428463,-0.158167771232665,0.6891648405161919,523,robbert,run_001,0
10,7,20,0.6658694092322411,0.3833233012597037,-0.1445413493637706,0.6929388848307767,421,robbert,run_001,0
10,7,30,0.672396100564392,0.3870851842816999,-0.1358123334436393,0.665327489651814,394,robbert,run_001,0
10,7,40,0.6837979094076655,0.3900049955066964,-0.1250672897171942,0.6781592403214025,347,robbert,run_001,0
10,7,50,0.6784773060029282,0.3940383126599783,-0.1210353872952657,0.6365717068419771,344,robbert,run_001,0
10,10,10,0.6284937888198758,0.3668091194362104,-0.1589004619175956,0.6892378865351838,519,robbert,run_001,1
10,10,20,0.6714739672451723,0.3816163744552229,-0.1399674148593194,0.6898709520331142,413,robbert,run_001,1
10,10,30,0.6750524109014675,0.3920930561925259,-0.1348295261683688,0.6690041392744095,385,robbert,run_001,1
10,10,40,0.6787216148023549,0.3947675031697267,-0.1245695512830191,0.6534696859021183,359,robbert,run_001,1
10,10,50,0.6821983273596177,0.396788773061527,-0.1197260984210323,0.6571950328707086,336,robbert,run_001,1
10,12,10,0.6329756097560976,0.369421323150104,-0.1581167936581683,0.7000973946919893,517,robbert,run_001,1
10,12,20,0.6645919778699861,0.3795070279109168,-0.1405125287473907,0.6686876065254443,438,robbert,run_001,1
10,12,30,0.6702042982223402,0.3859517666080312,-0.1389232041012913,0.66109082055028,380,robbert,run_001,1
10,12,40,0.6887608069164265,0.3911246888346164,-0.1254900739739099,0.6622839055271488,349,robbert,run_001,1
10,12,50,0.6673499267935579,0.393889097456699,-0.1204222279823895,0.6532505478451425,344,robbert,run_001,1
10,15,10,0.6336324619586422,0.3685421221422795,-0.1606998546410094,0.6958120282444606,516,robbert,run_001,2
10,15,20,0.6575757575757576,0.3766409210079531,-0.1420260061488606,0.6669101533966398,433,robbert,run_001,2
10,15,30,0.667343313879726,0.3849037786143641,-0.134552777798214,0.6519600681762844,397,robbert,run_001,2
10,15,40,0.6843559977888336,0.3889388222108632,-0.1295065498198523,0.6507426345264183,364,robbert,run_001,2
10,15,50,0.6929720071471114,0.3916663568255634,-0.1232758965870767,0.6632335037740443,337,robbert,run_001,2
15,5,10,0.6856353591160221,0.3859146295852194,-0.137439653151143,0.7250304358412466,363,robbert,run_001,2
15,5,20,0.68168835290384,0.4019979788126715,-0.1160479938308394,0.6956659362064768,316,robbert,run_001,2
15,5,30,0.6960921144452198,0.4041206277831088,-0.1106807720897847,0.6731921110299489,287,robbert,run_001,2
15,5,40,0.6853247219232149,0.4106582076533778,-0.1024265649398909,0.6475773070367665,280,robbert,run_001,2
15,5,50,0.70390625,0.4078497340863589,-0.1023430170240159,0.6544923301680059,256,robbert,run_001,2
15,7,10,0.6829336307863916,0.3855515547602537,-0.1353373191306829,0.7414414414414414,359,robbert,run_001,3
15,7,20,0.6931443638760711,0.3979481323538243,-0.1226742969708563,0.718772826880935,305,robbert,run_001,3
15,7,30,0.6847027388109552,0.4080383113185631,-0.1087662260007733,0.6664718772826881,300,robbert,run_001,3
15,7,40,0.6995677233429395,0.402582223843543,-0.1095235153116136,0.6642074506939372,279,robbert,run_001,3
15,7,50,0.6893167232918083,0.4064037002034154,-0.1005037774678508,0.6379595812028245,265,robbert,run_001,3
15,10,10,0.6731923779691986,0.3812924833011293,-0.1440665924800501,0.6979303627952277,384,robbert,run_001,3
15,10,20,0.7023082145281738,0.3986742457854363,-0.119388300598418,0.7255417579741904,296,robbert,run_001,3
15,10,30,0.6915824915824916,0.4080044669249379,-0.1134872893156082,0.6742634526418311,298,robbert,run_001,3
15,10,40,0.6901408450704225,0.4085378877930534,-0.1015359894254928,0.6534209885561237,278,robbert,run_001,3
15,10,50,0.7052837573385519,0.4101754604331241,-0.0985978422637799,0.663282201120039,256,robbert,run_001,3
15,12,10,0.6790055248618785,0.3870643681306261,-0.1361698223611601,0.7327246165084003,363,robbert,run_001,4
15,12,20,0.6901455026455027,0.399776890643422,-0.1152301575835054,0.6807888970051132,303,robbert,run_001,4
15,12,30,0.6892329852358661,0.4065672536831548,-0.1072990908200269,0.7011687363038714,278,robbert,run_001,4
15,12,40,0.6872559460418886,0.4043277826833535,-0.1059516809581262,0.6477233990747504,282,robbert,run_001,4
15,12,50,0.691233514352211,0.4133053982465877,-0.0974263546893584,0.6451180910640371,258,robbert,run_001,4
15,15,10,0.679042904290429,0.3836613397934671,-0.1410406728608386,0.7175797419040663,364,robbert,run_001,4
15,15,20,0.6864324846922333,0.3954538688785285,-0.1207172507995498,0.6861212563915267,311,robbert,run_001,4
15,15,30,0.6837958204864679,0.4015132372351758,-0.1171359293878388,0.661918675432189,293,robbert,run_001,4
15,15,40,0.6978117401875651,0.4014579003190278,-0.1145090925583406,0.6461407353299246,289,robbert,run_001,4
15,15,50,0.7069767441860465,0.4087126999937721,-0.103869396975017,0.664572680788897,258,robbert,run_001,4
20,5,10,0.6880546075085324,0.3937821394138661,-0.1232962698892241,0.7280253226199173,293,robbert,run_001,5
20,5,20,0.6904761904761905,0.4116361278522719,-0.1008769831796306,0.7054784514243974,265,robbert,run_001,5
20,5,30,0.705655526992288,0.4132596917238063,-0.0931982447960843,0.6835889943998052,234,robbert,run_001,5
20,5,40,0.6827731092436975,0.4194114868972068,-0.0924046517742383,0.6512783053323594,238,robbert,run_001,5
20,5,50,0.691304347826087,0.4156764178592464,-0.0885483726326145,0.6341124908692476,230,robbert,run_001,5
20,7,10,0.6850694444444444,0.401576300555182,-0.1216084924988475,0.7391283175066958,288,robbert,run_001,5
20,7,20,0.6962174940898345,0.4055006732501702,-0.1065432717374041,0.7260530801071342,254,robbert,run_001,5
20,7,30,0.69221260815822,0.4226642484871399,-0.0850700477677672,0.6638178719259801,243,robbert,run_001,5
20,7,40,0.7088495575221239,0.4150264141979883,-0.0943049142463036,0.6900657414170928,226,robbert,run_001,5
20,7,50,0.7040358744394619,0.4145232426235886,-0.0928073237225329,0.6561236912588264,223,robbert,run_001,5
20,10,10,0.6764084507042254,0.4026432405695066,-0.1123659814818638,0.7156318480642805,284,robbert,run_001,6
20,10,20,0.6986193293885602,0.4029084333055092,-0.106468330921185,0.7138300462624787,254,robbert,run_001,6
20,10,30,0.6869387755102041,0.4184850310985918,-0.0943956732977148,0.680399318237156,245,robbert,run_001,6
20,10,40,0.6978902953586498,0.4176558959924062,-0.0885690887986071,0.6514487460433407,237,robbert,run_001,6
20,10,50,0.7075259125732312,0.4148876604430254,-0.0946149806368461,0.6600681762843925,222,robbert,run_001,6
20,12,10,0.6905923344947735,0.4033155462078606,-0.1219600553229346,0.739590942293645,287,robbert,run_001,6
20,12,20,0.7050387596899225,0.4063891382358591,-0.1076275232621928,0.6982468955441928,258,robbert,run_001,6
20,12,30,0.6979210861264319,0.4179985690700367,-0.0941036249609962,0.6833211589968347,236,robbert,run_001,6
20,12,40,0.7008658008658009,0.4128015374147141,-0.094132594209416,0.6611151692232773,231,robbert,run_001,6
20,12,50,0.6901653611836379,0.4193255658790524,-0.0861706105929923,0.645799853907962,230,robbert,run_001,6
20,15,10,0.6855123674911661,0.4002460785325523,-0.1163265905403351,0.7433406379352325,283,robbert,run_001,7
20,15,20,0.6848484848484848,0.4065947432471851,-0.1012610535804523,0.6872169466764061,264,robbert,run_001,7
20,15,30,0.6959183673469388,0.4125089453532587,-0.0969928250235352,0.6664718772826881,245,robbert,run_001,7
20,15,40,0.7162995594713656,0.4139681823321744,-0.0978538370424646,0.6624299975651327,227,robbert,run_001,7
20,15,50,0.7084444444444444,0.419799730576735,-0.0872047776228984,0.6511809106403701,225,robbert,run_001,7
25,5,10,0.6785714285714286,0.411715538370035,-0.1013884655742825,0.7235208181154127,252,robbert,run_001,7
25,5,20,0.6851063829787234,0.4155956810848457,-0.0950821516396638,0.6897979060141223,235,robbert,run_001,7
25,5,30,0.7012391005048187,0.4215863623398699,-0.0880965815252037,0.6729973216459703,218,robbert,run_001,7
25,5,40,0.6869525126786538,0.4289102096586563,-0.0822337750542381,0.6523496469442416,217,robbert,run_001,7
25,5,50,0.6995215311004784,0.4236364283356537,-0.0785202833734146,0.6462868273679084,209,robbert,run_001,7
25,7,10,0.688,0.409859427614012,-0.1022460271380315,0.7313610908205502,250,robbert,run_001,8
25,7,20,0.7008810572687225,0.4151605680199192,-0.0910728617266446,0.7147309471633796,227,robbert,run_001,8
25,7,30,0.6968181818181818,0.4281200849330424,-0.0773549567624039,0.6612125639152666,220,robbert,run_001,8
25,7,40,0.7154589371980676,0.4215462405703299,-0.0858776089508532,0.6859751643535428,207,robbert,run_001,8
25,7,50,0.7176470588235294,0.4183034439813423,-0.0906679500816693,0.6642561480399318,204,robbert,run_001,8
25,10,10,0.6850806451612903,0.407687793052714,-0.1061902540122568,0.715290966642318,248,robbert,run_001,8
25,10,20,0.7075555555555556,0.4117830533726636,-0.0972628879826813,0.7031896761626492,225,robbert,run_001,8
25,10,30,0.6909502262443439,0.4276579557604008,-0.0812922817167099,0.6645970294618944,221,robbert,run_001,8
25,10,40,0.7116504854368932,0.4282330812336719,-0.0808729518170306,0.6698319941563184,206,robbert,run_001,8
25,10,50,0.7198019801980198,0.4229221445898899,-0.0844256903700503,0.651473094716338,202,robbert,run_001,8
25,12,10,0.6902542372881356,0.4132840402147175,-0.0958633278834128,0.7463598733869005,236,robbert,run_001,9
25,12,20,0.7004444444444444,0.4166995960706455,-0.0894495602929088,0.6851473094716338,225,robbert,run_001,9
25,12,30,0.7028708133971292,0.426476621625624,-0.0823280016351257,0.6850255661066472,209,robbert,run_001,9
25,12,40,0.7129807692307693,0.4230443725905602,-0.0858341629279471,0.6549793036279523,208,robbert,run_001,9
25,12,50,0.7177339901477833,0.4249440884258529,-0.0847147605928247,0.6532748965181397,203,robbert,run_001,9
25,15,10,0.6841004184100419,0.4104782532410031,-0.0970886938926353,0.739517896274653,239,robbert,run_001,9
25,15,20,0.6914893617021277,0.416190532517757,-0.0908382941372882,0.6781835889943998,235,robbert,run_001,9
25,15,30,0.7009433962264151,0.4296545540409204,-0.0835179515227245,0.679254930606282,212,robbert,run_001,9
25,15,40,0.7170616113744076,0.4176388608943458,-0.0941139480920659,0.6707328950572193,211,robbert,run_001,9
25,15,50,0.7213930348258707,0.4294729854814972,-0.0761136207262294,0.6634769905040175,201,robbert,run_001,9
30,5,10,0.7022727272727273,0.4208057814050398,-0.0892845192936744,0.7207694180667154,220,robbert,run_001,10
30,5,20,0.6907407407407408,0.4229727212237841,-0.0844345250818257,0.6808132456781105,216,robbert,run_001,10
30,5,30,0.7119757453259222,0.4288206875730695,-0.080451353248594,0.6770392013635257,198,robbert,run_001,10
30,5,40,0.6945,0.4304539220536885,-0.0792373815660754,0.6547358168979791,200,robbert,run_001,10
30,5,50,0.7075268817204301,0.4331970169713175,-0.0678071278821724,0.6496956415875335,186,robbert,run_001,10
30,7,10,0.6964285714285714,0.4169499329624144,-0.0917696298352016,0.7349403457511565,224,robbert,run_001,10
30,7,20,0.7098039215686275,0.4243458166578299,-0.0850195640186753,0.7075967859751644,204,robbert,run_001,10
30,7,30,0.7173267326732673,0.4227417883074748,-0.0808870690343507,0.6697832968103239,202,robbert,run_001,10
30,7,40,0.7164102564102565,0.4311381138271806,-0.0773186227893656,0.6690041392744095,195,robbert,run_001,10
30,7,50,0.717391304347826,0.4319428397168011,-0.0745944772515401,0.665936206476747,184,robbert,run_001,10
30,10,10,0.6879464285714286,0.4160886132126591,-0.0873339274172307,0.7170684197711225,224,robbert,run_001,11
30,10,20,0.7098039215686275,0.4180408835344253,-0.0846671021579923,0.7152422692963234,204,robbert,run_001,11
30,10,30,0.703921568627451,0.4317011365140577,-0.0809225691334676,0.6679084489895301,204,robbert,run_001,11
30,10,40,0.7152284263959391,0.431289515646375,-0.0738910165152969,0.6581446311176041,197,robbert,run_001,11
30,10,50,0.7229946524064171,0.4343975776009663,-0.0711586468060077,0.6442902361821281,187,robbert,run_001,11
30,12,10,0.6986175115207374,0.4209748739805046,-0.0850700556518767,0.7329924519113709,217,robbert,run_001,11
30,12,20,0.7065,0.428598944796868,-0.0713114867950202,0.7030192354516679,200,robbert,run_001,11
30,12,30,0.7095959595959596,0.4325342528611729,-0.077569740932761,0.677136596055515,198,robbert,run_001,11
30,12,40,0.7015625,0.4349906714004841,-0.0732874434939806,0.653518383248113,192,robbert,run_001,11
30,12,50,0.7148936170212766,0.4293903274915135,-0.0760125353600594,0.6367421475529583,188,robbert,run_001,11
30,15,10,0.6949308755760368,0.4156091064869658,-0.0894530017066487,0.7299488677867056,217,robbert,run_001,12
30,15,20,0.7088669950738916,0.4240604208755241,-0.0806733560401848,0.7003652300949599,203,robbert,run_001,12
30,15,30,0.7005050505050505,0.4303386967953828,-0.0803345085965929,0.6766739712685659,198,robbert,run_001,12
30,15,40,0.7209424083769633,0.4258520353244051,-0.0786944286517661,0.66654492330168,191,robbert,run_001,12
30,15,50,0.7195767195767195,0.4348084249436569,-0.0714694320632972,0.6453372291210129,189,robbert,run_001,12
35,5,10,0.6984848484848485,0.4285981558934209,-0.0784061848682599,0.720891161431702,198,robbert,run_001,12
35,5,20,0.6967567567567567,0.4385038081574796,-0.0654389281500015,0.6886778670562455,185,robbert,run_001,12
35,5,30,0.7092485549132947,0.4390813970863654,-0.0614395522445161,0.6683467251034818,173,robbert,run_001,12
35,5,40,0.7065476190476191,0.4340274017638937,-0.0687438846791762,0.6691015339663988,168,robbert,run_001,12
35,5,50,0.6958333333333333,0.4421006264309841,-0.0533966967881328,0.6256878500121743,168,robbert,run_001,12
35,7,10,0.6969849246231156,0.4239752916903109,-0.0850105138175374,0.7097881665449233,199,robbert,run_001,13
35,7,20,0.7110497237569061,0.4384801058291604,-0.0705176124621872,0.6971025079133187,181,robbert,run_001,13
35,7,30,0.7085714285714285,0.4404129839517621,-0.0622005418811759,0.6481860238616995,175,robbert,run_001,13
35,7,40,0.7053892215568862,0.4415304210497373,-0.0629401999214135,0.6571950328707086,167,robbert,run_001,13
35,7,50,0.7042424242424242,0.4387170197306133,-0.062046057393527,0.6449963476990505,165,robbert,run_001,13
35,10,10,0.6869346733668342,0.4253269116268748,-0.0799741937421956,0.7050158266374482,199,robbert,run_001,13
35,10,20,0.7077348066298342,0.4308514205235471,-0.0747905598462977,0.700535670805941,181,robbert,run_001,13
35,10,30,0.7057142857142857,0.4442181631960018,-0.0656731133599659,0.6576576576576577,175,robbert,run_001,13
35,10,40,0.7005813953488372,0.4440761280024178,-0.0588446620693483,0.6364012661309959,172,robbert,run_001,13
35,10,50,0.7191616766467066,0.4429086019009122,-0.0614159296552187,0.6279035792549306,167,robbert,run_001,13
35,12,10,0.7009950248756219,0.422617894566789,-0.0811320779411494,0.7232529827124422,201,robbert,run_001,14
35,12,20,0.7075675675675676,0.4363104070073397,-0.0690649665700188,0.6957146335524714,185,robbert,run_001,14
35,12,30,0.7011627906976744,0.4395154188954137,-0.0654662253246875,0.6547358168979791,172,robbert,run_001,14
35,12,40,0.7073619631901841,0.4427270202260298,-0.0571486285932758,0.6596785975164353,163,robbert,run_001,14
35,12,50,0.7161490683229814,0.4414372848156748,-0.0587427534133522,0.6350133917701485,161,robbert,run_001,14
35,15,10,0.7010309278350515,0.4230147662234511,-0.0812053071482887,0.7162162162162162,194,robbert,run_001,14
35,15,20,0.7050847457627119,0.4322640960655052,-0.0668519379543556,0.7212320428536645,177,robbert,run_001,14
35,15,30,0.7087209302325581,0.4386937756134827,-0.0725943940020815,0.6642074506939372,172,robbert,run_001,14
35,15,40,0.7093167701863354,0.4401321957105317,-0.0593832926000303,0.6739225712198685,161,robbert,run_001,14
35,15,50,0.7121212121212122,0.4422800510116357,-0.0597359634589477,0.6447772096420745,165,robbert,run_001,14
40,5,10,0.7016666666666667,0.4362742952619082,-0.0695182898867304,0.6993425858290723,180,robbert,run_001,15
40,5,20,0.6904761904761905,0.4435399795399694,-0.0533748936874812,0.6815680545410275,168,robbert,run_001,15
40,5,30,0.7,0.4430869870299929,-0.0571603985438705,0.6571219868517166,156,robbert,run_001,15
40,5,40,0.6961538461538461,0.4448991746432006,-0.0522546065014227,0.6494034575115656,156,robbert,run_001,15
40,5,50,0.7078947368421052,0.4488131860861571,-0.0508088034665134,0.6216703189676163,152,robbert,run_001,15
40,7,10,0.7040229885057471,0.4329319745977653,-0.0714039013873501,0.7254687119551985,174,robbert,run_001,15
40,7,20,0.711875,0.4421045552771393,-0.0615840265712523,0.7053080107134161,160,robbert,run_001,15
40,7,30,0.698159509202454,0.4433102511799849,-0.0568209991109773,0.6385439493547602,163,robbert,run_001,15
40,7,40,0.7071428571428572,0.4525218473941758,-0.0563815527761356,0.6445580715850986,154,robbert,run_001,15
40,7,50,0.7093333333333334,0.4451380211356413,-0.0521359735387853,0.6379108838568298,150,robbert,run_001,15
40,10,10,0.696045197740113,0.4370123875702428,-0.0707213077113606,0.7005113221329438,177,robbert,run_001,16
40,10,20,0.70875,0.4415138117950651,-0.0576001350020571,0.6975164353542732,160,robbert,run_001,16
40,10,30,0.7044025157232704,0.4524668968090014,-0.055071157682191,0.6552471390309228,159,robbert,run_001,16
40,10,40,0.7033557046979866,0.4529814546951785,-0.0461475413719755,0.6700024348672997,149,robbert,run_001,16
40,10,50,0.7119718309859155,0.4528443071686568,-0.0440751348768826,0.6587289992695398,142,robbert,run_001,16
40,12,10,0.7086206896551724,0.4317988304683689,-0.0712122420245901,0.7137570002434868,174,robbert,run_001,16
40,12,20,0.7042944785276074,0.4471735782505464,-0.0565357130005645,0.6896031166301436,163,robbert,run_001,16
40,12,30,0.7006535947712418,0.4480018278120882,-0.0562642380174499,0.6710494278061846,153,robbert,run_001,16
40,12,40,0.7027027027027027,0.4522891508962032,-0.0467371583437046,0.6476260043827612,148,robbert,run_001,16
40,12,50,0.7098591549295775,0.4555241170014869,-0.0406702898604484,0.6551740930119309,142,robbert,run_001,16
40,15,10,0.7041176470588235,0.4384990911462735,-0.0652657760182063,0.7170197224251278,170,robbert,run_001,17
40,15,20,0.70375,0.4431866084689307,-0.0566436167299118,0.7037496956415875,160,robbert,run_001,17
40,15,30,0.7090909090909091,0.444324283214197,-0.0595641196185767,0.6635013391770148,154,robbert,run_001,17
40,15,40,0.7026666666666667,0.4498625277785123,-0.0472791573750965,0.6544436328220112,150,robbert,run_001,17
40,15,50,0.7074829931972789,0.4525897415047967,-0.0464504063993872,0.631263696128561,147,robbert,run_001,17
45,5,10,0.698125,0.449894762346765,-0.0544474125809257,0.6964694424153883,160,robbert,run_001,17
45,5,20,0.7098039215686275,0.4474551274900938,-0.0526220150423919,0.6829315802288776,153,robbert,run_001,17
45,5,30,0.7028169014084507,0.4502699773572008,-0.0483954936575285,0.6722425127830534,142,robbert,run_001,17
45,5,40,0.6985815602836879,0.4510299233090467,-0.0459629636289402,0.6401509617725833,141,robbert,run_001,17
45,5,50,0.7079136690647482,0.4520298499269859,-0.0462042862208454,0.61400048697346,139,robbert,run_001,17
45,7,10,0.7159235668789808,0.441531420037957,-0.0639107961510368,0.7224007791575359,157,robbert,run_001,18
45,7,20,0.7158940397350994,0.4520831837008737,-0.0528460591511797,0.6928414901387875,151,robbert,run_001,18
45,7,30,0.7006756756756757,0.4505885993366643,-0.0513513689475168,0.626491356221086,148,robbert,run_001,18
45,7,40,0.7051851851851851,0.4605039459697187,-0.0438745590354466,0.6689797906014122,135,robbert,run_001,18
45,7,50,0.7115107913669064,0.4567682057010254,-0.0452038822137526,0.6044071098125152,139,robbert,run_001,18
45,10,10,0.7062111801242236,0.4443335521854426,-0.0626229560761602,0.7098368638909179,161,robbert,run_001,18
45,10,20,0.7086666666666667,0.4503584363967003,-0.049788814611594,0.6819576333089846,150,robbert,run_001,18
45,10,30,0.7068493150684931,0.4620060498374959,-0.0455798507315387,0.6321645970294619,146,robbert,run_001,18
45,10,40,0.7030075187969925,0.4664379860258272,-0.0319553707747872,0.6683223764304845,133,robbert,run_001,18
45,10,50,0.7157894736842105,0.4631292518088394,-0.0410320266822988,0.651473094716338,133,robbert,run_001,18
45,12,10,0.7062893081761006,0.44820366798685,-0.0589118605148795,0.7021913805697589,159,robbert,run_001,19
45,12,20,0.7065789473684211,0.4523633261661711,-0.0484044892646988,0.6854151448746043,152,robbert,run_001,19
45,12,30,0.6943262411347517,0.4569995258767245,-0.0439624715277389,0.6486486486486487,141,robbert,run_001,19
45,12,40,0.7015037593984963,0.462341359419714,-0.0375473352954942,0.6664475286096908,133,robbert,run_001,19
45,12,50,0.7075757575757575,0.4670396270279375,-0.0379157695195623,0.6487703920136353,132,robbert,run_001,19
45,15,10,0.6950920245398773,0.4447787354371934,-0.0596322656084722,0.704309715120526,163,robbert,run_001,19
45,15,20,0.7060402684563758,0.44644194443329,-0.0552005630326198,0.6752860969077186,149,robbert,run_001,19
45,15,30,0.7075862068965517,0.4507771373609145,-0.0523946243509249,0.6467494521548576,145,robbert,run_001,19
45,15,40,0.7051851851851851,0.4528260258154346,-0.0459729032638015,0.6655709763817872,135,robbert,run_001,19
45,15,50,0.7076335877862595,0.459709798733627,-0.0384457428152874,0.6547601655709764,131,robbert,run_001,19
50,5,10,0.7013245033112583,0.4581638651217495,-0.0490099251678382,0.6902118334550768,151,robbert,run_001,20
50,5,20,0.7120567375886525,0.4546757367762927,-0.0450737790792764,0.6652057462868274,141,robbert,run_001,20
50,5,30,0.7037313432835821,0.4637713106983828,-0.0403608417735845,0.6370586803019236,134,robbert,run_001,20
50,5,40,0.6991935483870968,0.4589758912116669,-0.0420643582048688,0.6750913075237399,124,robbert,run_001,20
50,5,50,0.7062015503875969,0.4581166658991873,-0.0365432079809007,0.6045532018504991,129,robbert,run_001,20
50,7,10,0.705,0.4511120523649699,-0.046365201463522,0.7086681275870466,140,robbert,run_001,20
50,7,20,0.7101449275362319,0.4594723332735388,-0.0424583991861645,0.6608960311663015,138,robbert,run_001,20
50,7,30,0.7107692307692308,0.4581793054513707,-0.037441873382419,0.6584855125395666,130,robbert,run_001,20
50,7,40,0.7088,0.4652924334539683,-0.0391322812256336,0.6620647674701728,125,robbert,run_001,20
50,7,50,0.7088,0.4688692337217146,-0.0264754182510537,0.6150474799123448,125,robbert,run_001,20
50,10,10,0.7036231884057971,0.458241945296555,-0.0457327954193476,0.7188945702459216,138,robbert,run_001,21
50,10,20,0.7138686131386861,0.4588167388102054,-0.0386856624369837,0.6700511322132944,137,robbert,run_001,21
50,10,30,0.7088709677419355,0.4662385256927759,-0.0367639835597576,0.6682980277574873,124,robbert,run_001,21
50,10,40,0.7073170731707317,0.4708732347749247,-0.0360311358492866,0.6616508400292184,123,robbert,run_001,21
50,10,50,0.7081967213114754,0.4717830260207948,-0.0311806199709847,0.6501582663744826,122,robbert,run_001,21
50,12,10,0.7,0.4639033509056037,-0.0415675878153967,0.7003165327489652,139,robbert,run_001,21
50,12,20,0.705,0.4562572713442295,-0.0447242615677198,0.6551253956659362,140,robbert,run_001,21
50,12,30,0.7022900763358778,0.4602363659369184,-0.0441198954180334,0.6377891404918432,131,robbert,run_001,21
50,12,40,0.6991803278688524,0.4682380910169579,-0.0322939236659929,0.6631604577550524,122,robbert,run_001,21
50,12,50,0.7086614173228346,0.4625931359327043,-0.0369450363365209,0.6112247382517653,127,robbert,run_001,21
50,15,10,0.7034013605442176,0.4508377499739416,-0.0508629667665309,0.6895057219381544,147,robbert,run_001,22
50,15,20,0.7104477611940299,0.4591948946999097,-0.0406442674561118,0.6678354029705381,134,robbert,run_001,22
50,15,30,0.70546875,0.4596858024015637,-0.0421123268054524,0.6668127587046506,128,robbert,run_001,22
50,15,40,0.704201680672269,0.465975584901668,-0.0372775409370131,0.6677380082785488,119,robbert,run_001,22
50,15,50,0.7032258064516129,0.4647336530696901,-0.0317213048830806,0.6091064037009983,124,robbert,run_001,22
